20,0,com.fasterxml.jackson.core.JsonToken:id()I
27,0,com.fasterxml.jackson.core.JsonToken:isScalarValue()Z
76,0,com.fasterxml.jackson.core.filter.TokenFilterContext:<init>(ILcom/fasterxml/jackson/core/filter/TokenFilterContext;Lcom/fasterxml/jackson/core/filter/TokenFilter;Z)V
77,0,com.fasterxml.jackson.core.filter.TokenFilterContext:reset(ILcom/fasterxml/jackson/core/filter/TokenFilter;Z)Lcom/fasterxml/jackson/core/filter/TokenFilterContext;
78,0,com.fasterxml.jackson.core.filter.TokenFilterContext:createRootContext(Lcom/fasterxml/jackson/core/filter/TokenFilter;)Lcom/fasterxml/jackson/core/filter/TokenFilterContext;
79,0,com.fasterxml.jackson.core.filter.TokenFilterContext:createChildArrayContext(Lcom/fasterxml/jackson/core/filter/TokenFilter;Z)Lcom/fasterxml/jackson/core/filter/TokenFilterContext;
80,0,com.fasterxml.jackson.core.filter.TokenFilterContext:createChildObjectContext(Lcom/fasterxml/jackson/core/filter/TokenFilter;Z)Lcom/fasterxml/jackson/core/filter/TokenFilterContext;
81,0,com.fasterxml.jackson.core.filter.TokenFilterContext:setFieldName(Ljava/lang/String;)Lcom/fasterxml/jackson/core/filter/TokenFilter;
82,0,com.fasterxml.jackson.core.filter.TokenFilterContext:checkValue(Lcom/fasterxml/jackson/core/filter/TokenFilter;)Lcom/fasterxml/jackson/core/filter/TokenFilter;
91,0,com.fasterxml.jackson.core.filter.TokenFilterContext:getParent()Lcom/fasterxml/jackson/core/filter/TokenFilterContext;
92,0,com.fasterxml.jackson.core.filter.TokenFilterContext:getCurrentName()Ljava/lang/String;
94,0,com.fasterxml.jackson.core.filter.TokenFilterContext:getFilter()Lcom/fasterxml/jackson/core/filter/TokenFilter;
95,0,com.fasterxml.jackson.core.filter.TokenFilterContext:isStartHandled()Z
96,0,com.fasterxml.jackson.core.filter.TokenFilterContext:nextTokenToRead()Lcom/fasterxml/jackson/core/JsonToken;
97,0,com.fasterxml.jackson.core.filter.TokenFilterContext:findChildOf(Lcom/fasterxml/jackson/core/filter/TokenFilterContext;)Lcom/fasterxml/jackson/core/filter/TokenFilterContext;
109,0,com.fasterxml.jackson.core.filter.FilteringParserDelegate:<init>(Lcom/fasterxml/jackson/core/JsonParser;Lcom/fasterxml/jackson/core/filter/TokenFilter;ZZ)V
111,0,com.fasterxml.jackson.core.filter.FilteringParserDelegate:getMatchCount()I
113,0,com.fasterxml.jackson.core.filter.FilteringParserDelegate:currentToken()Lcom/fasterxml/jackson/core/JsonToken;
123,0,com.fasterxml.jackson.core.filter.FilteringParserDelegate:getCurrentName()Ljava/lang/String;
127,1,com.fasterxml.jackson.core.filter.FilteringParserDelegate:nextToken()Lcom/fasterxml/jackson/core/JsonToken;
128,1,com.fasterxml.jackson.core.filter.FilteringParserDelegate:_nextToken2()Lcom/fasterxml/jackson/core/JsonToken;
129,1,com.fasterxml.jackson.core.filter.FilteringParserDelegate:_nextTokenWithBuffering(Lcom/fasterxml/jackson/core/filter/TokenFilterContext;)Lcom/fasterxml/jackson/core/JsonToken;
130,0,com.fasterxml.jackson.core.filter.FilteringParserDelegate:_nextBuffered(Lcom/fasterxml/jackson/core/filter/TokenFilterContext;)Lcom/fasterxml/jackson/core/JsonToken;
134,0,com.fasterxml.jackson.core.filter.FilteringParserDelegate:hasTextCharacters()Z
135,0,com.fasterxml.jackson.core.filter.FilteringParserDelegate:getTextCharacters()[C
136,0,com.fasterxml.jackson.core.filter.FilteringParserDelegate:getTextLength()I
137,0,com.fasterxml.jackson.core.filter.FilteringParserDelegate:getTextOffset()I
145,0,com.fasterxml.jackson.core.filter.FilteringParserDelegate:getIntValue()I
147,0,com.fasterxml.jackson.core.filter.FilteringParserDelegate:getNumberType()Lcom/fasterxml/jackson/core/JsonParser$NumberType;
163,0,com.fasterxml.jackson.core.filter.FilteringParserDelegate:_filterContext()Lcom/fasterxml/jackson/core/JsonStreamContext;
164,0,com.fasterxml.jackson.core.filter.TokenFilter:<init>()V
165,0,com.fasterxml.jackson.core.filter.TokenFilter:filterStartObject()Lcom/fasterxml/jackson/core/filter/TokenFilter;
166,0,com.fasterxml.jackson.core.filter.TokenFilter:filterStartArray()Lcom/fasterxml/jackson/core/filter/TokenFilter;
168,0,com.fasterxml.jackson.core.filter.TokenFilter:filterFinishArray()V
171,0,com.fasterxml.jackson.core.filter.TokenFilter:includeRootValue(I)Lcom/fasterxml/jackson/core/filter/TokenFilter;
172,0,com.fasterxml.jackson.core.filter.TokenFilter:includeValue(Lcom/fasterxml/jackson/core/JsonParser;)Z
188,0,com.fasterxml.jackson.core.JsonGenerator:<init>()V
242,0,com.fasterxml.jackson.core.JsonGenerator:copyCurrentEvent(Lcom/fasterxml/jackson/core/JsonParser;)V
315,0,com.fasterxml.jackson.core.base.GeneratorBase:<init>(ILcom/fasterxml/jackson/core/ObjectCodec;)V
320,0,com.fasterxml.jackson.core.base.GeneratorBase:isEnabled(Lcom/fasterxml/jackson/core/JsonGenerator$Feature;)Z
323,0,com.fasterxml.jackson.core.base.GeneratorBase:disable(Lcom/fasterxml/jackson/core/JsonGenerator$Feature;)Lcom/fasterxml/jackson/core/JsonGenerator;
341,0,com.fasterxml.jackson.core.base.GeneratorBase:close()V
348,0,com.fasterxml.jackson.core.base.ParserMinimalBase:<init>(I)V
351,0,com.fasterxml.jackson.core.base.ParserMinimalBase:getCurrentToken()Lcom/fasterxml/jackson/core/JsonToken;
396,0,com.fasterxml.jackson.core.base.ParserBase:<init>(Lcom/fasterxml/jackson/core/io/IOContext;I)V
405,0,com.fasterxml.jackson.core.base.ParserBase:getCurrentName()Ljava/lang/String;
407,0,com.fasterxml.jackson.core.base.ParserBase:close()V
412,0,com.fasterxml.jackson.core.base.ParserBase:hasTextCharacters()Z
417,0,com.fasterxml.jackson.core.base.ParserBase:_releaseBuffers()V
418,0,com.fasterxml.jackson.core.base.ParserBase:_handleEOF()V
419,0,com.fasterxml.jackson.core.base.ParserBase:_eofAsNextChar()I
422,0,com.fasterxml.jackson.core.base.ParserBase:resetInt(ZI)Lcom/fasterxml/jackson/core/JsonToken;
427,0,com.fasterxml.jackson.core.base.ParserBase:getNumberType()Lcom/fasterxml/jackson/core/JsonParser$NumberType;
428,0,com.fasterxml.jackson.core.base.ParserBase:getIntValue()I
434,0,com.fasterxml.jackson.core.base.ParserBase:_parseNumericValue(I)V
455,0,com.fasterxml.jackson.core.JsonParser:<init>()V
456,0,com.fasterxml.jackson.core.JsonParser:<init>(I)V
526,0,com.fasterxml.jackson.core.JsonParser$Feature:enabledIn(I)Z
565,0,com.fasterxml.jackson.core.JsonFactory$Feature:enabledIn(I)Z
566,0,com.fasterxml.jackson.core.JsonFactory$Feature:getMask()I
572,0,com.fasterxml.jackson.core.io.SerializedString:getValue()Ljava/lang/String;
604,0,com.fasterxml.jackson.core.io.NumberOutput:outputInt(I[CI)I
618,0,com.fasterxml.jackson.core.io.NumberOutput:_leading3(I[CI)I
639,0,com.fasterxml.jackson.core.io.NumberInput:parseInt([CII)I
661,0,com.fasterxml.jackson.core.io.IOContext:<init>(Lcom/fasterxml/jackson/core/util/BufferRecycler;Ljava/lang/Object;Z)V
666,0,com.fasterxml.jackson.core.io.IOContext:isResourceManaged()Z
667,0,com.fasterxml.jackson.core.io.IOContext:constructTextBuffer()Lcom/fasterxml/jackson/core/util/TextBuffer;
675,0,com.fasterxml.jackson.core.io.IOContext:allocTokenBuffer(I)[C
676,0,com.fasterxml.jackson.core.io.IOContext:allocConcatBuffer()[C
681,0,com.fasterxml.jackson.core.io.IOContext:releaseTokenBuffer([C)V
682,0,com.fasterxml.jackson.core.io.IOContext:releaseConcatBuffer([C)V
684,0,com.fasterxml.jackson.core.io.IOContext:_verifyAlloc(Ljava/lang/Object;)V
686,0,com.fasterxml.jackson.core.io.IOContext:_verifyRelease([C[C)V
795,0,com.fasterxml.jackson.core.JsonGenerator$Feature:enabledIn(I)Z
796,0,com.fasterxml.jackson.core.JsonGenerator$Feature:getMask()I
825,0,com.fasterxml.jackson.core.sym.ByteQuadsCanonicalizer$TableInfo:<init>(III[I[Ljava/lang/String;II)V
827,0,com.fasterxml.jackson.core.sym.ByteQuadsCanonicalizer$TableInfo:createInitial(I)Lcom/fasterxml/jackson/core/sym/ByteQuadsCanonicalizer$TableInfo;
840,0,com.fasterxml.jackson.core.sym.CharsToNameCanonicalizer$TableInfo:<init>(II[Ljava/lang/String;[Lcom/fasterxml/jackson/core/sym/CharsToNameCanonicalizer$Bucket;)V
841,0,com.fasterxml.jackson.core.sym.CharsToNameCanonicalizer$TableInfo:<init>(Lcom/fasterxml/jackson/core/sym/CharsToNameCanonicalizer;)V
842,0,com.fasterxml.jackson.core.sym.CharsToNameCanonicalizer$TableInfo:createInitial(I)Lcom/fasterxml/jackson/core/sym/CharsToNameCanonicalizer$TableInfo;
850,0,com.fasterxml.jackson.core.sym.CharsToNameCanonicalizer:<init>(I)V
851,0,com.fasterxml.jackson.core.sym.CharsToNameCanonicalizer:<init>(Lcom/fasterxml/jackson/core/sym/CharsToNameCanonicalizer;IILcom/fasterxml/jackson/core/sym/CharsToNameCanonicalizer$TableInfo;)V
852,0,com.fasterxml.jackson.core.sym.CharsToNameCanonicalizer:_thresholdSize(I)I
853,0,com.fasterxml.jackson.core.sym.CharsToNameCanonicalizer:createRoot()Lcom/fasterxml/jackson/core/sym/CharsToNameCanonicalizer;
854,0,com.fasterxml.jackson.core.sym.CharsToNameCanonicalizer:createRoot(I)Lcom/fasterxml/jackson/core/sym/CharsToNameCanonicalizer;
855,0,com.fasterxml.jackson.core.sym.CharsToNameCanonicalizer:makeChild(I)Lcom/fasterxml/jackson/core/sym/CharsToNameCanonicalizer;
856,0,com.fasterxml.jackson.core.sym.CharsToNameCanonicalizer:release()V
857,0,com.fasterxml.jackson.core.sym.CharsToNameCanonicalizer:mergeChild(Lcom/fasterxml/jackson/core/sym/CharsToNameCanonicalizer$TableInfo;)V
860,0,com.fasterxml.jackson.core.sym.CharsToNameCanonicalizer:maybeDirty()Z
861,0,com.fasterxml.jackson.core.sym.CharsToNameCanonicalizer:hashSeed()I
864,0,com.fasterxml.jackson.core.sym.CharsToNameCanonicalizer:findSymbol([CIII)Ljava/lang/String;
866,0,com.fasterxml.jackson.core.sym.CharsToNameCanonicalizer:_addSymbol([CIIII)Ljava/lang/String;
868,0,com.fasterxml.jackson.core.sym.CharsToNameCanonicalizer:_hashToIndex(I)I
871,0,com.fasterxml.jackson.core.sym.CharsToNameCanonicalizer:copyArrays()V
874,0,com.fasterxml.jackson.core.sym.CharsToNameCanonicalizer:access$000(Lcom/fasterxml/jackson/core/sym/CharsToNameCanonicalizer;)I
875,0,com.fasterxml.jackson.core.sym.CharsToNameCanonicalizer:access$100(Lcom/fasterxml/jackson/core/sym/CharsToNameCanonicalizer;)I
876,0,com.fasterxml.jackson.core.sym.CharsToNameCanonicalizer:access$200(Lcom/fasterxml/jackson/core/sym/CharsToNameCanonicalizer;)[Ljava/lang/String;
877,0,com.fasterxml.jackson.core.sym.CharsToNameCanonicalizer:access$300(Lcom/fasterxml/jackson/core/sym/CharsToNameCanonicalizer;)[Lcom/fasterxml/jackson/core/sym/CharsToNameCanonicalizer$Bucket;
878,0,com.fasterxml.jackson.core.sym.ByteQuadsCanonicalizer:<init>(IZIZ)V
880,0,com.fasterxml.jackson.core.sym.ByteQuadsCanonicalizer:createRoot()Lcom/fasterxml/jackson/core/sym/ByteQuadsCanonicalizer;
881,0,com.fasterxml.jackson.core.sym.ByteQuadsCanonicalizer:createRoot(I)Lcom/fasterxml/jackson/core/sym/ByteQuadsCanonicalizer;
922,0,com.fasterxml.jackson.core.sym.ByteQuadsCanonicalizer:_calcTertiaryShift(I)I
930,0,com.fasterxml.jackson.core.sym.CharsToNameCanonicalizer$Bucket:<init>(Ljava/lang/String;Lcom/fasterxml/jackson/core/sym/CharsToNameCanonicalizer$Bucket;)V
999,0,com.fasterxml.jackson.core.util.JsonParserDelegate:<init>(Lcom/fasterxml/jackson/core/JsonParser;)V
1017,0,com.fasterxml.jackson.core.util.JsonParserDelegate:close()V
1075,0,com.fasterxml.jackson.core.util.InternCache:intern(Ljava/lang/String;)Ljava/lang/String;
1189,0,com.fasterxml.jackson.core.util.BufferRecycler:allocCharBuffer(I)[C
1190,0,com.fasterxml.jackson.core.util.BufferRecycler:allocCharBuffer(II)[C
1191,0,com.fasterxml.jackson.core.util.BufferRecycler:releaseCharBuffer(I[C)V
1193,0,com.fasterxml.jackson.core.util.BufferRecycler:charBufferLength(I)I
1229,0,com.fasterxml.jackson.core.util.TextBuffer:<init>(Lcom/fasterxml/jackson/core/util/BufferRecycler;)V
1230,0,com.fasterxml.jackson.core.util.TextBuffer:releaseBuffers()V
1233,0,com.fasterxml.jackson.core.util.TextBuffer:resetWithShared([CII)V
1240,0,com.fasterxml.jackson.core.util.TextBuffer:size()I
1241,0,com.fasterxml.jackson.core.util.TextBuffer:getTextOffset()I
1243,0,com.fasterxml.jackson.core.util.TextBuffer:getTextBuffer()[C
1248,0,com.fasterxml.jackson.core.util.TextBuffer:contentsAsInt(Z)I
1272,0,com.fasterxml.jackson.core.JsonStreamContext:<init>()V
1275,0,com.fasterxml.jackson.core.JsonStreamContext:inArray()Z
1276,0,com.fasterxml.jackson.core.JsonStreamContext:inRoot()Z
1277,0,com.fasterxml.jackson.core.JsonStreamContext:inObject()Z
1378,0,com.fasterxml.jackson.core.json.ReaderBasedJsonParser:<init>(Lcom/fasterxml/jackson/core/io/IOContext;ILjava/io/Reader;Lcom/fasterxml/jackson/core/ObjectCodec;Lcom/fasterxml/jackson/core/sym/CharsToNameCanonicalizer;[CIIZ)V
1386,0,com.fasterxml.jackson.core.json.ReaderBasedJsonParser:_closeInput()V
1387,0,com.fasterxml.jackson.core.json.ReaderBasedJsonParser:_releaseBuffers()V
1389,0,com.fasterxml.jackson.core.json.ReaderBasedJsonParser:_loadMore()Z
1395,0,com.fasterxml.jackson.core.json.ReaderBasedJsonParser:getTextCharacters()[C
1396,0,com.fasterxml.jackson.core.json.ReaderBasedJsonParser:getTextLength()I
1397,0,com.fasterxml.jackson.core.json.ReaderBasedJsonParser:getTextOffset()I
1401,0,com.fasterxml.jackson.core.json.ReaderBasedJsonParser:nextToken()Lcom/fasterxml/jackson/core/JsonToken;
1402,0,com.fasterxml.jackson.core.json.ReaderBasedJsonParser:_nextAfterName()Lcom/fasterxml/jackson/core/JsonToken;
1413,0,com.fasterxml.jackson.core.json.ReaderBasedJsonParser:_parsePosNumber(I)Lcom/fasterxml/jackson/core/JsonToken;
1421,0,com.fasterxml.jackson.core.json.ReaderBasedJsonParser:_parseName()Ljava/lang/String;
1428,0,com.fasterxml.jackson.core.json.ReaderBasedJsonParser:_finishString()V
1430,0,com.fasterxml.jackson.core.json.ReaderBasedJsonParser:_skipString()V
1432,0,com.fasterxml.jackson.core.json.ReaderBasedJsonParser:_skipColon()I
1435,0,com.fasterxml.jackson.core.json.ReaderBasedJsonParser:_skipComma(I)I
1437,0,com.fasterxml.jackson.core.json.ReaderBasedJsonParser:_skipWSOrEnd()I
1444,0,com.fasterxml.jackson.core.json.ReaderBasedJsonParser:_matchTrue()V
1445,0,com.fasterxml.jackson.core.json.ReaderBasedJsonParser:_matchFalse()V
1453,0,com.fasterxml.jackson.core.json.ReaderBasedJsonParser:_updateLocation()V
1454,0,com.fasterxml.jackson.core.json.ReaderBasedJsonParser:_updateNameLocation()V
1457,0,com.fasterxml.jackson.core.json.ReaderBasedJsonParser:_closeScope(I)V
1459,0,com.fasterxml.jackson.core.json.JsonReadContext:<init>(Lcom/fasterxml/jackson/core/json/JsonReadContext;Lcom/fasterxml/jackson/core/json/DupDetector;III)V
1460,0,com.fasterxml.jackson.core.json.JsonReadContext:reset(III)V
1465,0,com.fasterxml.jackson.core.json.JsonReadContext:createRootContext(Lcom/fasterxml/jackson/core/json/DupDetector;)Lcom/fasterxml/jackson/core/json/JsonReadContext;
1466,0,com.fasterxml.jackson.core.json.JsonReadContext:createChildArrayContext(II)Lcom/fasterxml/jackson/core/json/JsonReadContext;
1467,0,com.fasterxml.jackson.core.json.JsonReadContext:createChildObjectContext(II)Lcom/fasterxml/jackson/core/json/JsonReadContext;
1468,0,com.fasterxml.jackson.core.json.JsonReadContext:getCurrentName()Ljava/lang/String;
1472,0,com.fasterxml.jackson.core.json.JsonReadContext:clearAndGetParent()Lcom/fasterxml/jackson/core/json/JsonReadContext;
1474,0,com.fasterxml.jackson.core.json.JsonReadContext:expectComma()Z
1475,0,com.fasterxml.jackson.core.json.JsonReadContext:setCurrentName(Ljava/lang/String;)V
1478,0,com.fasterxml.jackson.core.json.JsonGeneratorImpl:<init>(Lcom/fasterxml/jackson/core/io/IOContext;ILcom/fasterxml/jackson/core/ObjectCodec;)V
1481,0,com.fasterxml.jackson.core.json.JsonGeneratorImpl:disable(Lcom/fasterxml/jackson/core/JsonGenerator$Feature;)Lcom/fasterxml/jackson/core/JsonGenerator;
1569,0,com.fasterxml.jackson.core.json.WriterBasedJsonGenerator:<init>(Lcom/fasterxml/jackson/core/io/IOContext;ILcom/fasterxml/jackson/core/ObjectCodec;Ljava/io/Writer;)V
1573,0,com.fasterxml.jackson.core.json.WriterBasedJsonGenerator:writeFieldName(Ljava/lang/String;)V
1575,0,com.fasterxml.jackson.core.json.WriterBasedJsonGenerator:_writeFieldName(Ljava/lang/String;Z)V
1577,0,com.fasterxml.jackson.core.json.WriterBasedJsonGenerator:writeStartArray()V
1578,0,com.fasterxml.jackson.core.json.WriterBasedJsonGenerator:writeEndArray()V
1580,0,com.fasterxml.jackson.core.json.WriterBasedJsonGenerator:writeStartObject()V
1581,0,com.fasterxml.jackson.core.json.WriterBasedJsonGenerator:writeEndObject()V
1586,0,com.fasterxml.jackson.core.json.WriterBasedJsonGenerator:writeString([CII)V
1590,0,com.fasterxml.jackson.core.json.WriterBasedJsonGenerator:writeRaw(Ljava/lang/String;)V
1600,0,com.fasterxml.jackson.core.json.WriterBasedJsonGenerator:writeNumber(I)V
1610,0,com.fasterxml.jackson.core.json.WriterBasedJsonGenerator:writeBoolean(Z)V
1612,0,com.fasterxml.jackson.core.json.WriterBasedJsonGenerator:_verifyValueWrite(Ljava/lang/String;)V
1614,0,com.fasterxml.jackson.core.json.WriterBasedJsonGenerator:close()V
1615,0,com.fasterxml.jackson.core.json.WriterBasedJsonGenerator:_releaseBuffers()V
1616,0,com.fasterxml.jackson.core.json.WriterBasedJsonGenerator:_writeString(Ljava/lang/String;)V
1617,0,com.fasterxml.jackson.core.json.WriterBasedJsonGenerator:_writeString2(I)V
1620,0,com.fasterxml.jackson.core.json.WriterBasedJsonGenerator:_writeString([CII)V
1637,0,com.fasterxml.jackson.core.json.WriterBasedJsonGenerator:_flushBuffer()V
1736,0,com.fasterxml.jackson.core.json.JsonWriteContext:<init>(ILcom/fasterxml/jackson/core/json/JsonWriteContext;Lcom/fasterxml/jackson/core/json/DupDetector;)V
1737,0,com.fasterxml.jackson.core.json.JsonWriteContext:reset(I)Lcom/fasterxml/jackson/core/json/JsonWriteContext;
1742,0,com.fasterxml.jackson.core.json.JsonWriteContext:createRootContext(Lcom/fasterxml/jackson/core/json/DupDetector;)Lcom/fasterxml/jackson/core/json/JsonWriteContext;
1743,0,com.fasterxml.jackson.core.json.JsonWriteContext:createChildArrayContext()Lcom/fasterxml/jackson/core/json/JsonWriteContext;
1744,0,com.fasterxml.jackson.core.json.JsonWriteContext:createChildObjectContext()Lcom/fasterxml/jackson/core/json/JsonWriteContext;
1748,0,com.fasterxml.jackson.core.json.JsonWriteContext:clearAndGetParent()Lcom/fasterxml/jackson/core/json/JsonWriteContext;
1750,0,com.fasterxml.jackson.core.json.JsonWriteContext:writeFieldName(Ljava/lang/String;)I
1752,0,com.fasterxml.jackson.core.json.JsonWriteContext:writeValue()I
1885,0,com.fasterxml.jackson.core.JsonFactory:<init>()V
1886,0,com.fasterxml.jackson.core.JsonFactory:<init>(Lcom/fasterxml/jackson/core/ObjectCodec;)V
1887,0,com.fasterxml.jackson.core.JsonFactory:<init>(Lcom/fasterxml/jackson/core/JsonFactory;Lcom/fasterxml/jackson/core/ObjectCodec;)V
1893,0,com.fasterxml.jackson.core.JsonFactory:canUseCharArrays()Z
1931,0,com.fasterxml.jackson.core.JsonFactory:createParser(Ljava/lang/String;)Lcom/fasterxml/jackson/core/JsonParser;
1945,0,com.fasterxml.jackson.core.JsonFactory:createGenerator(Ljava/io/Writer;)Lcom/fasterxml/jackson/core/JsonGenerator;
1954,0,com.fasterxml.jackson.core.JsonFactory:_createParser([CIILcom/fasterxml/jackson/core/io/IOContext;Z)Lcom/fasterxml/jackson/core/JsonParser;
1957,0,com.fasterxml.jackson.core.JsonFactory:_createGenerator(Ljava/io/Writer;Lcom/fasterxml/jackson/core/io/IOContext;)Lcom/fasterxml/jackson/core/JsonGenerator;
1964,0,com.fasterxml.jackson.core.JsonFactory:_decorate(Ljava/io/Writer;Lcom/fasterxml/jackson/core/io/IOContext;)Ljava/io/Writer;
1965,0,com.fasterxml.jackson.core.JsonFactory:_getBufferRecycler()Lcom/fasterxml/jackson/core/util/BufferRecycler;
1966,0,com.fasterxml.jackson.core.JsonFactory:_createContext(Ljava/lang/Object;Z)Lcom/fasterxml/jackson/core/io/IOContext;
