126,0,com.fasterxml.jackson.databind.SerializationConfig:<init>(Lcom/fasterxml/jackson/databind/cfg/BaseSettings;Lcom/fasterxml/jackson/databind/jsontype/SubtypeResolver;Lcom/fasterxml/jackson/databind/introspect/SimpleMixInResolver;Lcom/fasterxml/jackson/databind/util/RootNameLookup;Lcom/fasterxml/jackson/databind/cfg/ConfigOverrides;)V
325,0,com.fasterxml.jackson.databind.PropertyName:<init>(Ljava/lang/String;Ljava/lang/String;)V
327,0,com.fasterxml.jackson.databind.PropertyName:construct(Ljava/lang/String;)Lcom/fasterxml/jackson/databind/PropertyName;
332,0,com.fasterxml.jackson.databind.PropertyName:getSimpleName()Ljava/lang/String;
346,0,com.fasterxml.jackson.databind.SerializationFeature:enabledByDefault()Z
347,0,com.fasterxml.jackson.databind.SerializationFeature:getMask()I
414,0,com.fasterxml.jackson.databind.ext.OptionalHandlerFactory:findDeserializer(Lcom/fasterxml/jackson/databind/JavaType;Lcom/fasterxml/jackson/databind/DeserializationConfig;Lcom/fasterxml/jackson/databind/BeanDescription;)Lcom/fasterxml/jackson/databind/JsonDeserializer;
416,0,com.fasterxml.jackson.databind.ext.OptionalHandlerFactory:hasSuperClassStartingWith(Ljava/lang/Class;Ljava/lang/String;)Z
420,0,com.fasterxml.jackson.databind.ext.Java7SupportImpl:getDeserializerForJavaNioFilePath(Ljava/lang/Class;)Lcom/fasterxml/jackson/databind/JsonDeserializer;
422,0,com.fasterxml.jackson.databind.ext.Java7SupportImpl:findTransient(Lcom/fasterxml/jackson/databind/introspect/Annotated;)Ljava/lang/Boolean;
424,0,com.fasterxml.jackson.databind.ext.Java7SupportImpl:findConstructorName(Lcom/fasterxml/jackson/databind/introspect/AnnotatedParameter;)Lcom/fasterxml/jackson/databind/PropertyName;
472,0,com.fasterxml.jackson.databind.DeserializationContext:<init>(Lcom/fasterxml/jackson/databind/deser/DeserializerFactory;Lcom/fasterxml/jackson/databind/deser/DeserializerCache;)V
474,0,com.fasterxml.jackson.databind.DeserializationContext:<init>(Lcom/fasterxml/jackson/databind/DeserializationContext;Lcom/fasterxml/jackson/databind/DeserializationConfig;Lcom/fasterxml/jackson/core/JsonParser;Lcom/fasterxml/jackson/databind/InjectableValues;)V
476,0,com.fasterxml.jackson.databind.DeserializationContext:getConfig()Lcom/fasterxml/jackson/databind/DeserializationConfig;
481,0,com.fasterxml.jackson.databind.DeserializationContext:getAnnotationIntrospector()Lcom/fasterxml/jackson/databind/AnnotationIntrospector;
489,0,com.fasterxml.jackson.databind.DeserializationContext:isEnabled(Lcom/fasterxml/jackson/databind/DeserializationFeature;)Z
500,0,com.fasterxml.jackson.databind.DeserializationContext:findRootValueDeserializer(Lcom/fasterxml/jackson/databind/JavaType;)Lcom/fasterxml/jackson/databind/JsonDeserializer;
508,0,com.fasterxml.jackson.databind.DeserializationContext:handleSecondaryContextualization(Lcom/fasterxml/jackson/databind/JsonDeserializer;Lcom/fasterxml/jackson/databind/BeanProperty;Lcom/fasterxml/jackson/databind/JavaType;)Lcom/fasterxml/jackson/databind/JsonDeserializer;
519,0,com.fasterxml.jackson.databind.DeserializationContext:handleWeirdStringValue(Ljava/lang/Class;Ljava/lang/String;Ljava/lang/String;[Ljava/lang/Object;)Ljava/lang/Object;
539,0,com.fasterxml.jackson.databind.DeserializationContext:weirdStringException(Ljava/lang/String;Ljava/lang/Class;Ljava/lang/String;)Lcom/fasterxml/jackson/databind/JsonMappingException;
551,0,com.fasterxml.jackson.databind.DeserializationContext:_quotedString(Ljava/lang/String;)Ljava/lang/String;
555,0,com.fasterxml.jackson.databind.ObjectMapper:<init>()V
558,0,com.fasterxml.jackson.databind.ObjectMapper:<init>(Lcom/fasterxml/jackson/core/JsonFactory;Lcom/fasterxml/jackson/databind/ser/DefaultSerializerProvider;Lcom/fasterxml/jackson/databind/deser/DefaultDeserializationContext;)V
559,0,com.fasterxml.jackson.databind.ObjectMapper:defaultClassIntrospector()Lcom/fasterxml/jackson/databind/introspect/ClassIntrospector;
576,0,com.fasterxml.jackson.databind.ObjectMapper:getDeserializationConfig()Lcom/fasterxml/jackson/databind/DeserializationConfig;
617,0,com.fasterxml.jackson.databind.ObjectMapper:addHandler(Lcom/fasterxml/jackson/databind/deser/DeserializationProblemHandler;)Lcom/fasterxml/jackson/databind/ObjectMapper;
691,0,com.fasterxml.jackson.databind.ObjectMapper:readValue(Ljava/lang/String;Ljava/lang/Class;)Ljava/lang/Object;
759,0,com.fasterxml.jackson.databind.ObjectMapper:createDeserializationContext(Lcom/fasterxml/jackson/core/JsonParser;Lcom/fasterxml/jackson/databind/DeserializationConfig;)Lcom/fasterxml/jackson/databind/deser/DefaultDeserializationContext;
761,0,com.fasterxml.jackson.databind.ObjectMapper:_readMapAndClose(Lcom/fasterxml/jackson/core/JsonParser;Lcom/fasterxml/jackson/databind/JavaType;)Ljava/lang/Object;
762,0,com.fasterxml.jackson.databind.ObjectMapper:_initForReading(Lcom/fasterxml/jackson/core/JsonParser;)Lcom/fasterxml/jackson/core/JsonToken;
764,0,com.fasterxml.jackson.databind.ObjectMapper:_findRootDeserializer(Lcom/fasterxml/jackson/databind/DeserializationContext;Lcom/fasterxml/jackson/databind/JavaType;)Lcom/fasterxml/jackson/databind/JsonDeserializer;
798,0,com.fasterxml.jackson.databind.DeserializationConfig:<init>(Lcom/fasterxml/jackson/databind/cfg/BaseSettings;Lcom/fasterxml/jackson/databind/jsontype/SubtypeResolver;Lcom/fasterxml/jackson/databind/introspect/SimpleMixInResolver;Lcom/fasterxml/jackson/databind/util/RootNameLookup;Lcom/fasterxml/jackson/databind/cfg/ConfigOverrides;)V
804,0,com.fasterxml.jackson.databind.DeserializationConfig:<init>(Lcom/fasterxml/jackson/databind/DeserializationConfig;Lcom/fasterxml/jackson/databind/util/LinkedNode;)V
848,0,com.fasterxml.jackson.databind.DeserializationConfig:withHandler(Lcom/fasterxml/jackson/databind/deser/DeserializationProblemHandler;)Lcom/fasterxml/jackson/databind/DeserializationConfig;
850,0,com.fasterxml.jackson.databind.DeserializationConfig:initialize(Lcom/fasterxml/jackson/core/JsonParser;)V
851,0,com.fasterxml.jackson.databind.DeserializationConfig:getAnnotationIntrospector()Lcom/fasterxml/jackson/databind/AnnotationIntrospector;
852,0,com.fasterxml.jackson.databind.DeserializationConfig:introspectClassAnnotations(Lcom/fasterxml/jackson/databind/JavaType;)Lcom/fasterxml/jackson/databind/BeanDescription;
857,0,com.fasterxml.jackson.databind.DeserializationConfig:useRootWrapping()Z
858,0,com.fasterxml.jackson.databind.DeserializationConfig:isEnabled(Lcom/fasterxml/jackson/databind/DeserializationFeature;)Z
862,0,com.fasterxml.jackson.databind.DeserializationConfig:getDeserializationFeatures()I
863,0,com.fasterxml.jackson.databind.DeserializationConfig:getProblemHandlers()Lcom/fasterxml/jackson/databind/util/LinkedNode;
865,0,com.fasterxml.jackson.databind.DeserializationConfig:introspect(Lcom/fasterxml/jackson/databind/JavaType;)Lcom/fasterxml/jackson/databind/BeanDescription;
898,0,com.fasterxml.jackson.databind.BeanDescription:<init>(Lcom/fasterxml/jackson/databind/JavaType;)V
899,0,com.fasterxml.jackson.databind.BeanDescription:getType()Lcom/fasterxml/jackson/databind/JavaType;
900,0,com.fasterxml.jackson.databind.BeanDescription:getBeanClass()Ljava/lang/Class;
901,0,com.fasterxml.jackson.databind.BeanDescription:isNonStaticInnerClass()Z
969,0,com.fasterxml.jackson.databind.AnnotationIntrospector:refineDeserializationType(Lcom/fasterxml/jackson/databind/cfg/MapperConfig;Lcom/fasterxml/jackson/databind/introspect/Annotated;Lcom/fasterxml/jackson/databind/JavaType;)Lcom/fasterxml/jackson/databind/JavaType;
981,0,com.fasterxml.jackson.databind.AnnotationIntrospector:_findAnnotation(Lcom/fasterxml/jackson/databind/introspect/Annotated;Ljava/lang/Class;)Ljava/lang/annotation/Annotation;
982,0,com.fasterxml.jackson.databind.AnnotationIntrospector:_hasAnnotation(Lcom/fasterxml/jackson/databind/introspect/Annotated;Ljava/lang/Class;)Z
983,0,com.fasterxml.jackson.databind.AnnotationIntrospector:_hasOneOf(Lcom/fasterxml/jackson/databind/introspect/Annotated;[Ljava/lang/Class;)Z
999,0,com.fasterxml.jackson.databind.SerializerProvider:<init>()V
1001,0,com.fasterxml.jackson.databind.SerializerProvider:<init>(Lcom/fasterxml/jackson/databind/SerializerProvider;)V
1073,0,com.fasterxml.jackson.databind.ser.DefaultSerializerProvider:<init>()V
1155,0,com.fasterxml.jackson.databind.ser.SerializerCache:<init>()V
1905,0,com.fasterxml.jackson.databind.ser.DefaultSerializerProvider$Impl:<init>()V
2810,0,com.fasterxml.jackson.databind.JsonDeserializer:<init>()V
2816,0,com.fasterxml.jackson.databind.JsonDeserializer:isCachable()Z
2913,0,com.fasterxml.jackson.databind.exc.InvalidFormatException:<init>(Lcom/fasterxml/jackson/core/JsonParser;Ljava/lang/String;Ljava/lang/Object;Ljava/lang/Class;)V
2914,0,com.fasterxml.jackson.databind.exc.InvalidFormatException:from(Lcom/fasterxml/jackson/core/JsonParser;Ljava/lang/String;Ljava/lang/Object;Ljava/lang/Class;)Lcom/fasterxml/jackson/databind/exc/InvalidFormatException;
2917,0,com.fasterxml.jackson.databind.deser.ValueInstantiator:<init>()V
2992,0,com.fasterxml.jackson.databind.deser.DefaultDeserializationContext$Impl:<init>(Lcom/fasterxml/jackson/databind/deser/DeserializerFactory;)V
2993,0,com.fasterxml.jackson.databind.deser.DefaultDeserializationContext$Impl:<init>(Lcom/fasterxml/jackson/databind/deser/DefaultDeserializationContext$Impl;Lcom/fasterxml/jackson/databind/DeserializationConfig;Lcom/fasterxml/jackson/core/JsonParser;Lcom/fasterxml/jackson/databind/InjectableValues;)V
2997,0,com.fasterxml.jackson.databind.deser.DefaultDeserializationContext$Impl:createInstance(Lcom/fasterxml/jackson/databind/DeserializationConfig;Lcom/fasterxml/jackson/core/JsonParser;Lcom/fasterxml/jackson/databind/InjectableValues;)Lcom/fasterxml/jackson/databind/deser/DefaultDeserializationContext;
3003,0,com.fasterxml.jackson.databind.deser.DefaultDeserializationContext:<init>(Lcom/fasterxml/jackson/databind/deser/DeserializerFactory;Lcom/fasterxml/jackson/databind/deser/DeserializerCache;)V
3004,0,com.fasterxml.jackson.databind.deser.DefaultDeserializationContext:<init>(Lcom/fasterxml/jackson/databind/deser/DefaultDeserializationContext;Lcom/fasterxml/jackson/databind/DeserializationConfig;Lcom/fasterxml/jackson/core/JsonParser;Lcom/fasterxml/jackson/databind/InjectableValues;)V
3010,0,com.fasterxml.jackson.databind.deser.DefaultDeserializationContext:checkUnresolvedObjectId()V
3014,0,com.fasterxml.jackson.databind.deser.DeserializerCache:<init>()V
3018,0,com.fasterxml.jackson.databind.deser.DeserializerCache:findValueDeserializer(Lcom/fasterxml/jackson/databind/DeserializationContext;Lcom/fasterxml/jackson/databind/deser/DeserializerFactory;Lcom/fasterxml/jackson/databind/JavaType;)Lcom/fasterxml/jackson/databind/JsonDeserializer;
3021,0,com.fasterxml.jackson.databind.deser.DeserializerCache:_findCachedDeserializer(Lcom/fasterxml/jackson/databind/JavaType;)Lcom/fasterxml/jackson/databind/JsonDeserializer;
3022,0,com.fasterxml.jackson.databind.deser.DeserializerCache:_createAndCacheValueDeserializer(Lcom/fasterxml/jackson/databind/DeserializationContext;Lcom/fasterxml/jackson/databind/deser/DeserializerFactory;Lcom/fasterxml/jackson/databind/JavaType;)Lcom/fasterxml/jackson/databind/JsonDeserializer;
3023,0,com.fasterxml.jackson.databind.deser.DeserializerCache:_createAndCache2(Lcom/fasterxml/jackson/databind/DeserializationContext;Lcom/fasterxml/jackson/databind/deser/DeserializerFactory;Lcom/fasterxml/jackson/databind/JavaType;)Lcom/fasterxml/jackson/databind/JsonDeserializer;
3024,0,com.fasterxml.jackson.databind.deser.DeserializerCache:_createDeserializer(Lcom/fasterxml/jackson/databind/DeserializationContext;Lcom/fasterxml/jackson/databind/deser/DeserializerFactory;Lcom/fasterxml/jackson/databind/JavaType;)Lcom/fasterxml/jackson/databind/JsonDeserializer;
3025,0,com.fasterxml.jackson.databind.deser.DeserializerCache:_createDeserializer2(Lcom/fasterxml/jackson/databind/DeserializationContext;Lcom/fasterxml/jackson/databind/deser/DeserializerFactory;Lcom/fasterxml/jackson/databind/JavaType;Lcom/fasterxml/jackson/databind/BeanDescription;)Lcom/fasterxml/jackson/databind/JsonDeserializer;
3026,0,com.fasterxml.jackson.databind.deser.DeserializerCache:findDeserializerFromAnnotation(Lcom/fasterxml/jackson/databind/DeserializationContext;Lcom/fasterxml/jackson/databind/introspect/Annotated;)Lcom/fasterxml/jackson/databind/JsonDeserializer;
3029,0,com.fasterxml.jackson.databind.deser.DeserializerCache:modifyTypeByAnnotation(Lcom/fasterxml/jackson/databind/DeserializationContext;Lcom/fasterxml/jackson/databind/introspect/Annotated;Lcom/fasterxml/jackson/databind/JavaType;)Lcom/fasterxml/jackson/databind/JavaType;
3030,0,com.fasterxml.jackson.databind.deser.DeserializerCache:_hasCustomValueHandler(Lcom/fasterxml/jackson/databind/JavaType;)Z
3034,0,com.fasterxml.jackson.databind.deser.DeserializationProblemHandler:<init>()V
3055,0,com.fasterxml.jackson.databind.deser.BasicDeserializerFactory:_constructDefaultValueInstantiator(Lcom/fasterxml/jackson/databind/DeserializationContext;Lcom/fasterxml/jackson/databind/BeanDescription;)Lcom/fasterxml/jackson/databind/deser/ValueInstantiator;
3056,0,com.fasterxml.jackson.databind.deser.BasicDeserializerFactory:_findCreatorsFromProperties(Lcom/fasterxml/jackson/databind/DeserializationContext;Lcom/fasterxml/jackson/databind/BeanDescription;)Ljava/util/Map;
3058,0,com.fasterxml.jackson.databind.deser.BasicDeserializerFactory:_addDeserializerConstructors(Lcom/fasterxml/jackson/databind/DeserializationContext;Lcom/fasterxml/jackson/databind/BeanDescription;Lcom/fasterxml/jackson/databind/introspect/VisibilityChecker;Lcom/fasterxml/jackson/databind/AnnotationIntrospector;Lcom/fasterxml/jackson/databind/deser/impl/CreatorCollector;Ljava/util/Map;)V
3060,0,com.fasterxml.jackson.databind.deser.BasicDeserializerFactory:_checkIfCreatorPropertyBased(Lcom/fasterxml/jackson/databind/AnnotationIntrospector;Lcom/fasterxml/jackson/databind/introspect/AnnotatedWithParams;Lcom/fasterxml/jackson/databind/introspect/BeanPropertyDefinition;)Z
3062,0,com.fasterxml.jackson.databind.deser.BasicDeserializerFactory:_addDeserializerFactoryMethods(Lcom/fasterxml/jackson/databind/DeserializationContext;Lcom/fasterxml/jackson/databind/BeanDescription;Lcom/fasterxml/jackson/databind/introspect/VisibilityChecker;Lcom/fasterxml/jackson/databind/AnnotationIntrospector;Lcom/fasterxml/jackson/databind/deser/impl/CreatorCollector;Ljava/util/Map;)V
3063,0,com.fasterxml.jackson.databind.deser.BasicDeserializerFactory:_handleSingleArgumentFactory(Lcom/fasterxml/jackson/databind/DeserializationConfig;Lcom/fasterxml/jackson/databind/BeanDescription;Lcom/fasterxml/jackson/databind/introspect/VisibilityChecker;Lcom/fasterxml/jackson/databind/AnnotationIntrospector;Lcom/fasterxml/jackson/databind/deser/impl/CreatorCollector;Lcom/fasterxml/jackson/databind/introspect/AnnotatedMethod;Z)Z
3075,0,com.fasterxml.jackson.databind.deser.BasicDeserializerFactory:createEnumDeserializer(Lcom/fasterxml/jackson/databind/DeserializationContext;Lcom/fasterxml/jackson/databind/JavaType;Lcom/fasterxml/jackson/databind/BeanDescription;)Lcom/fasterxml/jackson/databind/JsonDeserializer;
3078,0,com.fasterxml.jackson.databind.deser.BasicDeserializerFactory:findTypeDeserializer(Lcom/fasterxml/jackson/databind/DeserializationConfig;Lcom/fasterxml/jackson/databind/JavaType;)Lcom/fasterxml/jackson/databind/jsontype/TypeDeserializer;
3079,0,com.fasterxml.jackson.databind.deser.BasicDeserializerFactory:findOptionalStdDeserializer(Lcom/fasterxml/jackson/databind/DeserializationContext;Lcom/fasterxml/jackson/databind/JavaType;Lcom/fasterxml/jackson/databind/BeanDescription;)Lcom/fasterxml/jackson/databind/JsonDeserializer;
3084,0,com.fasterxml.jackson.databind.deser.BasicDeserializerFactory:findDefaultDeserializer(Lcom/fasterxml/jackson/databind/DeserializationContext;Lcom/fasterxml/jackson/databind/JavaType;Lcom/fasterxml/jackson/databind/BeanDescription;)Lcom/fasterxml/jackson/databind/JsonDeserializer;
3088,0,com.fasterxml.jackson.databind.deser.BasicDeserializerFactory:_findCustomBeanDeserializer(Lcom/fasterxml/jackson/databind/JavaType;Lcom/fasterxml/jackson/databind/DeserializationConfig;Lcom/fasterxml/jackson/databind/BeanDescription;)Lcom/fasterxml/jackson/databind/JsonDeserializer;
3092,0,com.fasterxml.jackson.databind.deser.BasicDeserializerFactory:_findCustomEnumDeserializer(Ljava/lang/Class;Lcom/fasterxml/jackson/databind/DeserializationConfig;Lcom/fasterxml/jackson/databind/BeanDescription;)Lcom/fasterxml/jackson/databind/JsonDeserializer;
3098,0,com.fasterxml.jackson.databind.deser.BasicDeserializerFactory:constructEnumResolver(Ljava/lang/Class;Lcom/fasterxml/jackson/databind/DeserializationConfig;Lcom/fasterxml/jackson/databind/introspect/AnnotatedMethod;)Lcom/fasterxml/jackson/databind/util/EnumResolver;
3293,0,com.fasterxml.jackson.databind.deser.std.EnumDeserializer:<init>(Lcom/fasterxml/jackson/databind/util/EnumResolver;)V
3297,0,com.fasterxml.jackson.databind.deser.std.EnumDeserializer:isCachable()Z
3298,0,com.fasterxml.jackson.databind.deser.std.EnumDeserializer:deserialize(Lcom/fasterxml/jackson/core/JsonParser;Lcom/fasterxml/jackson/databind/DeserializationContext;)Ljava/lang/Object;
3299,0,com.fasterxml.jackson.databind.deser.std.EnumDeserializer:_deserializeAltString(Lcom/fasterxml/jackson/core/JsonParser;Lcom/fasterxml/jackson/databind/DeserializationContext;Lcom/fasterxml/jackson/databind/util/CompactStringObjectMap;Ljava/lang/String;)Ljava/lang/Object;
3301,0,com.fasterxml.jackson.databind.deser.std.EnumDeserializer:_enumClass()Ljava/lang/Class;
3314,0,com.fasterxml.jackson.databind.deser.std.DateDeserializers:find(Ljava/lang/Class;Ljava/lang/String;)Lcom/fasterxml/jackson/databind/JsonDeserializer;
3363,0,com.fasterxml.jackson.databind.deser.std.StdDeserializer:<init>(Ljava/lang/Class;)V
3366,0,com.fasterxml.jackson.databind.deser.std.StdDeserializer:handledType()Ljava/lang/Class;
3415,0,com.fasterxml.jackson.databind.deser.std.FromStringDeserializer:<init>(Ljava/lang/Class;)V
3416,0,com.fasterxml.jackson.databind.deser.std.FromStringDeserializer:findDeserializer(Ljava/lang/Class;)Lcom/fasterxml/jackson/databind/deser/std/FromStringDeserializer$Std;
3417,1,com.fasterxml.jackson.databind.deser.std.FromStringDeserializer:deserialize(Lcom/fasterxml/jackson/core/JsonParser;Lcom/fasterxml/jackson/databind/DeserializationContext;)Ljava/lang/Object;
3420,0,com.fasterxml.jackson.databind.deser.std.UUIDDeserializer:<init>()V
3421,0,com.fasterxml.jackson.databind.deser.std.UUIDDeserializer:_deserialize(Ljava/lang/String;Lcom/fasterxml/jackson/databind/DeserializationContext;)Ljava/util/UUID;
3423,0,com.fasterxml.jackson.databind.deser.std.UUIDDeserializer:_badFormat(Ljava/lang/String;Lcom/fasterxml/jackson/databind/DeserializationContext;)Ljava/util/UUID;
3674,0,com.fasterxml.jackson.databind.deser.std.StdScalarDeserializer:<init>(Ljava/lang/Class;)V
3704,0,com.fasterxml.jackson.databind.deser.std.NumberDeserializers:find(Ljava/lang/Class;Ljava/lang/String;)Lcom/fasterxml/jackson/databind/JsonDeserializer;
3792,0,com.fasterxml.jackson.databind.deser.std.JdkDeserializers:find(Ljava/lang/Class;Ljava/lang/String;)Lcom/fasterxml/jackson/databind/JsonDeserializer;
3805,0,com.fasterxml.jackson.databind.deser.std.StdValueInstantiator:<init>(Lcom/fasterxml/jackson/databind/DeserializationConfig;Lcom/fasterxml/jackson/databind/JavaType;)V
3807,0,com.fasterxml.jackson.databind.deser.std.StdValueInstantiator:configureFromObjectSettings(Lcom/fasterxml/jackson/databind/introspect/AnnotatedWithParams;Lcom/fasterxml/jackson/databind/introspect/AnnotatedWithParams;Lcom/fasterxml/jackson/databind/JavaType;[Lcom/fasterxml/jackson/databind/deser/SettableBeanProperty;Lcom/fasterxml/jackson/databind/introspect/AnnotatedWithParams;[Lcom/fasterxml/jackson/databind/deser/SettableBeanProperty;)V
3808,0,com.fasterxml.jackson.databind.deser.std.StdValueInstantiator:configureFromArraySettings(Lcom/fasterxml/jackson/databind/introspect/AnnotatedWithParams;Lcom/fasterxml/jackson/databind/JavaType;[Lcom/fasterxml/jackson/databind/deser/SettableBeanProperty;)V
3809,0,com.fasterxml.jackson.databind.deser.std.StdValueInstantiator:configureFromStringCreator(Lcom/fasterxml/jackson/databind/introspect/AnnotatedWithParams;)V
3810,0,com.fasterxml.jackson.databind.deser.std.StdValueInstantiator:configureFromIntCreator(Lcom/fasterxml/jackson/databind/introspect/AnnotatedWithParams;)V
3811,0,com.fasterxml.jackson.databind.deser.std.StdValueInstantiator:configureFromLongCreator(Lcom/fasterxml/jackson/databind/introspect/AnnotatedWithParams;)V
3812,0,com.fasterxml.jackson.databind.deser.std.StdValueInstantiator:configureFromDoubleCreator(Lcom/fasterxml/jackson/databind/introspect/AnnotatedWithParams;)V
3813,0,com.fasterxml.jackson.databind.deser.std.StdValueInstantiator:configureFromBooleanCreator(Lcom/fasterxml/jackson/databind/introspect/AnnotatedWithParams;)V
3814,0,com.fasterxml.jackson.databind.deser.std.StdValueInstantiator:configureIncompleteParameter(Lcom/fasterxml/jackson/databind/introspect/AnnotatedParameter;)V
3828,0,com.fasterxml.jackson.databind.deser.std.StdValueInstantiator:getFromObjectArguments(Lcom/fasterxml/jackson/databind/DeserializationConfig;)[Lcom/fasterxml/jackson/databind/deser/SettableBeanProperty;
3912,0,com.fasterxml.jackson.databind.deser.impl.CreatorCollector:<init>(Lcom/fasterxml/jackson/databind/BeanDescription;Lcom/fasterxml/jackson/databind/cfg/MapperConfig;)V
3913,0,com.fasterxml.jackson.databind.deser.impl.CreatorCollector:constructValueInstantiator(Lcom/fasterxml/jackson/databind/DeserializationConfig;)Lcom/fasterxml/jackson/databind/deser/ValueInstantiator;
3915,0,com.fasterxml.jackson.databind.deser.impl.CreatorCollector:addStringCreator(Lcom/fasterxml/jackson/databind/introspect/AnnotatedWithParams;Z)V
3933,0,com.fasterxml.jackson.databind.deser.impl.CreatorCollector:_computeDelegateType(Lcom/fasterxml/jackson/databind/introspect/AnnotatedWithParams;[Lcom/fasterxml/jackson/databind/deser/SettableBeanProperty;)Lcom/fasterxml/jackson/databind/JavaType;
3934,0,com.fasterxml.jackson.databind.deser.impl.CreatorCollector:_fixAccess(Lcom/fasterxml/jackson/databind/introspect/AnnotatedMember;)Lcom/fasterxml/jackson/databind/introspect/AnnotatedMember;
3935,0,com.fasterxml.jackson.databind.deser.impl.CreatorCollector:verifyNonDup(Lcom/fasterxml/jackson/databind/introspect/AnnotatedWithParams;IZ)Z
4024,0,com.fasterxml.jackson.databind.deser.impl.CreatorCollector$StdTypeConstructor:tryToOptimize(Lcom/fasterxml/jackson/databind/introspect/AnnotatedWithParams;)Lcom/fasterxml/jackson/databind/introspect/AnnotatedWithParams;
4239,0,com.fasterxml.jackson.databind.deser.BeanDeserializerFactory:createBeanDeserializer(Lcom/fasterxml/jackson/databind/DeserializationContext;Lcom/fasterxml/jackson/databind/JavaType;Lcom/fasterxml/jackson/databind/BeanDescription;)Lcom/fasterxml/jackson/databind/JsonDeserializer;
4241,0,com.fasterxml.jackson.databind.deser.BeanDeserializerFactory:findStdDeserializer(Lcom/fasterxml/jackson/databind/DeserializationContext;Lcom/fasterxml/jackson/databind/JavaType;Lcom/fasterxml/jackson/databind/BeanDescription;)Lcom/fasterxml/jackson/databind/JsonDeserializer;
4367,0,com.fasterxml.jackson.databind.type.TypeBase:<init>(Ljava/lang/Class;Lcom/fasterxml/jackson/databind/type/TypeBindings;Lcom/fasterxml/jackson/databind/JavaType;[Lcom/fasterxml/jackson/databind/JavaType;ILjava/lang/Object;Ljava/lang/Object;Z)V
4371,0,com.fasterxml.jackson.databind.type.TypeBase:getBindings()Lcom/fasterxml/jackson/databind/type/TypeBindings;
4375,0,com.fasterxml.jackson.databind.type.TypeBase:getSuperClass()Lcom/fasterxml/jackson/databind/JavaType;
4376,0,com.fasterxml.jackson.databind.type.TypeBase:getInterfaces()Ljava/util/List;
4452,0,com.fasterxml.jackson.databind.type.SimpleType:<init>(Ljava/lang/Class;Lcom/fasterxml/jackson/databind/type/TypeBindings;Lcom/fasterxml/jackson/databind/JavaType;[Lcom/fasterxml/jackson/databind/JavaType;)V
4454,0,com.fasterxml.jackson.databind.type.SimpleType:<init>(Ljava/lang/Class;Lcom/fasterxml/jackson/databind/type/TypeBindings;Lcom/fasterxml/jackson/databind/JavaType;[Lcom/fasterxml/jackson/databind/JavaType;Ljava/lang/Object;Ljava/lang/Object;Z)V
4465,0,com.fasterxml.jackson.databind.type.SimpleType:refine(Ljava/lang/Class;Lcom/fasterxml/jackson/databind/type/TypeBindings;Lcom/fasterxml/jackson/databind/JavaType;[Lcom/fasterxml/jackson/databind/JavaType;)Lcom/fasterxml/jackson/databind/JavaType;
4466,0,com.fasterxml.jackson.databind.type.SimpleType:buildCanonicalName()Ljava/lang/String;
4467,0,com.fasterxml.jackson.databind.type.SimpleType:isContainerType()Z
4472,0,com.fasterxml.jackson.databind.type.SimpleType:toString()Ljava/lang/String;
4473,0,com.fasterxml.jackson.databind.type.SimpleType:equals(Ljava/lang/Object;)Z
4572,0,com.fasterxml.jackson.databind.type.TypeBindings:isEmpty()Z
4573,0,com.fasterxml.jackson.databind.type.TypeBindings:size()I
4584,0,com.fasterxml.jackson.databind.type.ClassStack:<init>(Ljava/lang/Class;)V
4585,0,com.fasterxml.jackson.databind.type.ClassStack:<init>(Lcom/fasterxml/jackson/databind/type/ClassStack;Ljava/lang/Class;)V
4588,0,com.fasterxml.jackson.databind.type.ClassStack:resolveSelfReferences(Lcom/fasterxml/jackson/databind/JavaType;)V
4601,0,com.fasterxml.jackson.databind.type.TypeFactory:defaultInstance()Lcom/fasterxml/jackson/databind/type/TypeFactory;
4618,0,com.fasterxml.jackson.databind.type.TypeFactory:constructType(Ljava/lang/reflect/Type;)Lcom/fasterxml/jackson/databind/JavaType;
4619,0,com.fasterxml.jackson.databind.type.TypeFactory:constructType(Ljava/lang/reflect/Type;Lcom/fasterxml/jackson/databind/type/TypeBindings;)Lcom/fasterxml/jackson/databind/JavaType;
4649,0,com.fasterxml.jackson.databind.type.TypeFactory:_newSimpleType(Ljava/lang/Class;Lcom/fasterxml/jackson/databind/type/TypeBindings;Lcom/fasterxml/jackson/databind/JavaType;[Lcom/fasterxml/jackson/databind/JavaType;)Lcom/fasterxml/jackson/databind/JavaType;
4651,0,com.fasterxml.jackson.databind.type.TypeFactory:_findWellKnownSimple(Ljava/lang/Class;)Lcom/fasterxml/jackson/databind/JavaType;
4652,0,com.fasterxml.jackson.databind.type.TypeFactory:_fromAny(Lcom/fasterxml/jackson/databind/type/ClassStack;Ljava/lang/reflect/Type;Lcom/fasterxml/jackson/databind/type/TypeBindings;)Lcom/fasterxml/jackson/databind/JavaType;
4653,0,com.fasterxml.jackson.databind.type.TypeFactory:_fromClass(Lcom/fasterxml/jackson/databind/type/ClassStack;Ljava/lang/Class;Lcom/fasterxml/jackson/databind/type/TypeBindings;)Lcom/fasterxml/jackson/databind/JavaType;
4654,0,com.fasterxml.jackson.databind.type.TypeFactory:_resolveSuperClass(Lcom/fasterxml/jackson/databind/type/ClassStack;Ljava/lang/Class;Lcom/fasterxml/jackson/databind/type/TypeBindings;)Lcom/fasterxml/jackson/databind/JavaType;
4655,0,com.fasterxml.jackson.databind.type.TypeFactory:_resolveSuperInterfaces(Lcom/fasterxml/jackson/databind/type/ClassStack;Ljava/lang/Class;Lcom/fasterxml/jackson/databind/type/TypeBindings;)[Lcom/fasterxml/jackson/databind/JavaType;
4656,0,com.fasterxml.jackson.databind.type.TypeFactory:_fromWellKnownClass(Lcom/fasterxml/jackson/databind/type/ClassStack;Ljava/lang/Class;Lcom/fasterxml/jackson/databind/type/TypeBindings;Lcom/fasterxml/jackson/databind/JavaType;[Lcom/fasterxml/jackson/databind/JavaType;)Lcom/fasterxml/jackson/databind/JavaType;
4657,0,com.fasterxml.jackson.databind.type.TypeFactory:_fromWellKnownInterface(Lcom/fasterxml/jackson/databind/type/ClassStack;Ljava/lang/Class;Lcom/fasterxml/jackson/databind/type/TypeBindings;Lcom/fasterxml/jackson/databind/JavaType;[Lcom/fasterxml/jackson/databind/JavaType;)Lcom/fasterxml/jackson/databind/JavaType;
4658,0,com.fasterxml.jackson.databind.type.TypeFactory:_fromParamType(Lcom/fasterxml/jackson/databind/type/ClassStack;Ljava/lang/reflect/ParameterizedType;Lcom/fasterxml/jackson/databind/type/TypeBindings;)Lcom/fasterxml/jackson/databind/JavaType;
4707,0,com.fasterxml.jackson.databind.JavaType:<init>(Ljava/lang/Class;ILjava/lang/Object;Ljava/lang/Object;Z)V
4711,0,com.fasterxml.jackson.databind.JavaType:getRawClass()Ljava/lang/Class;
4712,0,com.fasterxml.jackson.databind.JavaType:hasRawClass(Ljava/lang/Class;)Z
4715,0,com.fasterxml.jackson.databind.JavaType:isAbstract()Z
4716,0,com.fasterxml.jackson.databind.JavaType:isConcrete()Z
4717,0,com.fasterxml.jackson.databind.JavaType:isThrowable()Z
4719,0,com.fasterxml.jackson.databind.JavaType:isEnumType()Z
4723,0,com.fasterxml.jackson.databind.JavaType:isCollectionLikeType()Z
4724,0,com.fasterxml.jackson.databind.JavaType:isMapLikeType()Z
4729,0,com.fasterxml.jackson.databind.JavaType:getContentType()Lcom/fasterxml/jackson/databind/JavaType;
4730,0,com.fasterxml.jackson.databind.JavaType:getReferencedType()Lcom/fasterxml/jackson/databind/JavaType;
4738,0,com.fasterxml.jackson.databind.JavaType:hasHandlers()Z
4741,0,com.fasterxml.jackson.databind.JavaType:hashCode()I
4750,0,com.fasterxml.jackson.databind.introspect.POJOPropertyBuilder$9:<init>(Lcom/fasterxml/jackson/databind/introspect/POJOPropertyBuilder;)V
4751,0,com.fasterxml.jackson.databind.introspect.POJOPropertyBuilder$9:withMember(Lcom/fasterxml/jackson/databind/introspect/AnnotatedMember;)Lcom/fasterxml/jackson/annotation/JsonProperty$Access;
4753,0,com.fasterxml.jackson.databind.introspect.AnnotatedMethod:<init>(Lcom/fasterxml/jackson/databind/introspect/TypeResolutionContext;Ljava/lang/reflect/Method;Lcom/fasterxml/jackson/databind/introspect/AnnotationMap;[Lcom/fasterxml/jackson/databind/introspect/AnnotationMap;)V
4757,0,com.fasterxml.jackson.databind.introspect.AnnotatedMethod:getAnnotated()Ljava/lang/reflect/Method;
4759,0,com.fasterxml.jackson.databind.introspect.AnnotatedMethod:getName()Ljava/lang/String;
4768,0,com.fasterxml.jackson.databind.introspect.AnnotatedMethod:getParameterCount()I
4769,0,com.fasterxml.jackson.databind.introspect.AnnotatedMethod:getRawParameterType(I)Ljava/lang/Class;
4770,0,com.fasterxml.jackson.databind.introspect.AnnotatedMethod:getParameterType(I)Lcom/fasterxml/jackson/databind/JavaType;
4773,0,com.fasterxml.jackson.databind.introspect.AnnotatedMethod:getMember()Ljava/lang/reflect/Method;
4777,0,com.fasterxml.jackson.databind.introspect.AnnotatedMethod:getRawParameterTypes()[Ljava/lang/Class;
4779,0,com.fasterxml.jackson.databind.introspect.AnnotatedMethod:getRawReturnType()Ljava/lang/Class;
4780,0,com.fasterxml.jackson.databind.introspect.AnnotatedMethod:hasReturnType()Z
4789,0,com.fasterxml.jackson.databind.introspect.AnnotatedMethodMap:<init>()V
4790,0,com.fasterxml.jackson.databind.introspect.AnnotatedMethodMap:add(Lcom/fasterxml/jackson/databind/introspect/AnnotatedMethod;)V
4792,0,com.fasterxml.jackson.databind.introspect.AnnotatedMethodMap:remove(Ljava/lang/reflect/Method;)Lcom/fasterxml/jackson/databind/introspect/AnnotatedMethod;
4793,0,com.fasterxml.jackson.databind.introspect.AnnotatedMethodMap:isEmpty()Z
4796,0,com.fasterxml.jackson.databind.introspect.AnnotatedMethodMap:find(Ljava/lang/reflect/Method;)Lcom/fasterxml/jackson/databind/introspect/AnnotatedMethod;
4797,0,com.fasterxml.jackson.databind.introspect.AnnotatedMethodMap:iterator()Ljava/util/Iterator;
4798,0,com.fasterxml.jackson.databind.introspect.AnnotatedMember:<init>(Lcom/fasterxml/jackson/databind/introspect/TypeResolutionContext;Lcom/fasterxml/jackson/databind/introspect/AnnotationMap;)V
4800,0,com.fasterxml.jackson.databind.introspect.AnnotatedMember:getTypeContext()Lcom/fasterxml/jackson/databind/introspect/TypeResolutionContext;
4801,0,com.fasterxml.jackson.databind.introspect.AnnotatedMember:getAnnotation(Ljava/lang/Class;)Ljava/lang/annotation/Annotation;
4802,0,com.fasterxml.jackson.databind.introspect.AnnotatedMember:hasAnnotation(Ljava/lang/Class;)Z
4803,0,com.fasterxml.jackson.databind.introspect.AnnotatedMember:hasOneOf([Ljava/lang/Class;)Z
4810,0,com.fasterxml.jackson.databind.introspect.AnnotatedParameter:<init>(Lcom/fasterxml/jackson/databind/introspect/AnnotatedWithParams;Lcom/fasterxml/jackson/databind/JavaType;Lcom/fasterxml/jackson/databind/introspect/AnnotationMap;I)V
4823,0,com.fasterxml.jackson.databind.introspect.AnnotatedParameter:getOwner()Lcom/fasterxml/jackson/databind/introspect/AnnotatedWithParams;
4832,0,com.fasterxml.jackson.databind.introspect.MemberKey:<init>(Ljava/lang/reflect/Method;)V
4834,0,com.fasterxml.jackson.databind.introspect.MemberKey:<init>(Ljava/lang/String;[Ljava/lang/Class;)V
4836,0,com.fasterxml.jackson.databind.introspect.MemberKey:hashCode()I
4880,0,com.fasterxml.jackson.databind.introspect.VisibilityChecker$Std:isCreatorVisible(Ljava/lang/reflect/Member;)Z
4881,0,com.fasterxml.jackson.databind.introspect.VisibilityChecker$Std:isCreatorVisible(Lcom/fasterxml/jackson/databind/introspect/AnnotatedMember;)Z
4884,0,com.fasterxml.jackson.databind.introspect.VisibilityChecker$Std:isGetterVisible(Ljava/lang/reflect/Method;)Z
4885,0,com.fasterxml.jackson.databind.introspect.VisibilityChecker$Std:isGetterVisible(Lcom/fasterxml/jackson/databind/introspect/AnnotatedMethod;)Z
4910,0,com.fasterxml.jackson.databind.introspect.AnnotatedWithParams:<init>(Lcom/fasterxml/jackson/databind/introspect/TypeResolutionContext;Lcom/fasterxml/jackson/databind/introspect/AnnotationMap;[Lcom/fasterxml/jackson/databind/introspect/AnnotationMap;)V
4914,0,com.fasterxml.jackson.databind.introspect.AnnotatedWithParams:getParameterAnnotations(I)Lcom/fasterxml/jackson/databind/introspect/AnnotationMap;
4915,0,com.fasterxml.jackson.databind.introspect.AnnotatedWithParams:getParameter(I)Lcom/fasterxml/jackson/databind/introspect/AnnotatedParameter;
4917,0,com.fasterxml.jackson.databind.introspect.BasicClassIntrospector:<init>()V
4919,0,com.fasterxml.jackson.databind.introspect.BasicClassIntrospector:forDeserialization(Lcom/fasterxml/jackson/databind/DeserializationConfig;Lcom/fasterxml/jackson/databind/JavaType;Lcom/fasterxml/jackson/databind/introspect/ClassIntrospector$MixInResolver;)Lcom/fasterxml/jackson/databind/introspect/BasicBeanDescription;
4922,0,com.fasterxml.jackson.databind.introspect.BasicClassIntrospector:forClassAnnotations(Lcom/fasterxml/jackson/databind/cfg/MapperConfig;Lcom/fasterxml/jackson/databind/JavaType;Lcom/fasterxml/jackson/databind/introspect/ClassIntrospector$MixInResolver;)Lcom/fasterxml/jackson/databind/introspect/BasicBeanDescription;
4924,0,com.fasterxml.jackson.databind.introspect.BasicClassIntrospector:collectProperties(Lcom/fasterxml/jackson/databind/cfg/MapperConfig;Lcom/fasterxml/jackson/databind/JavaType;Lcom/fasterxml/jackson/databind/introspect/ClassIntrospector$MixInResolver;ZLjava/lang/String;)Lcom/fasterxml/jackson/databind/introspect/POJOPropertiesCollector;
4926,0,com.fasterxml.jackson.databind.introspect.BasicClassIntrospector:constructPropertyCollector(Lcom/fasterxml/jackson/databind/cfg/MapperConfig;Lcom/fasterxml/jackson/databind/introspect/AnnotatedClass;Lcom/fasterxml/jackson/databind/JavaType;ZLjava/lang/String;)Lcom/fasterxml/jackson/databind/introspect/POJOPropertiesCollector;
4927,0,com.fasterxml.jackson.databind.introspect.BasicClassIntrospector:_findStdTypeDesc(Lcom/fasterxml/jackson/databind/JavaType;)Lcom/fasterxml/jackson/databind/introspect/BasicBeanDescription;
4928,0,com.fasterxml.jackson.databind.introspect.BasicClassIntrospector:_isStdJDKCollection(Lcom/fasterxml/jackson/databind/JavaType;)Z
4929,0,com.fasterxml.jackson.databind.introspect.BasicClassIntrospector:_findStdJdkCollectionDesc(Lcom/fasterxml/jackson/databind/cfg/MapperConfig;Lcom/fasterxml/jackson/databind/JavaType;)Lcom/fasterxml/jackson/databind/introspect/BasicBeanDescription;
4943,0,com.fasterxml.jackson.databind.introspect.JacksonAnnotationIntrospector:findEnumValues(Ljava/lang/Class;[Ljava/lang/Enum;[Ljava/lang/String;)[Ljava/lang/String;
4944,0,com.fasterxml.jackson.databind.introspect.JacksonAnnotationIntrospector:findDefaultEnumValue(Ljava/lang/Class;)Ljava/lang/Enum;
4951,0,com.fasterxml.jackson.databind.introspect.JacksonAnnotationIntrospector:findNamingStrategy(Lcom/fasterxml/jackson/databind/introspect/AnnotatedClass;)Ljava/lang/Object;
4953,0,com.fasterxml.jackson.databind.introspect.JacksonAnnotationIntrospector:findAutoDetectVisibility(Lcom/fasterxml/jackson/databind/introspect/AnnotatedClass;Lcom/fasterxml/jackson/databind/introspect/VisibilityChecker;)Lcom/fasterxml/jackson/databind/introspect/VisibilityChecker;
4954,0,com.fasterxml.jackson.databind.introspect.JacksonAnnotationIntrospector:findImplicitPropertyName(Lcom/fasterxml/jackson/databind/introspect/AnnotatedMember;)Ljava/lang/String;
4955,0,com.fasterxml.jackson.databind.introspect.JacksonAnnotationIntrospector:hasIgnoreMarker(Lcom/fasterxml/jackson/databind/introspect/AnnotatedMember;)Z
4957,0,com.fasterxml.jackson.databind.introspect.JacksonAnnotationIntrospector:findPropertyAccess(Lcom/fasterxml/jackson/databind/introspect/Annotated;)Lcom/fasterxml/jackson/annotation/JsonProperty$Access;
4964,0,com.fasterxml.jackson.databind.introspect.JacksonAnnotationIntrospector:findInjectableValueId(Lcom/fasterxml/jackson/databind/introspect/AnnotatedMember;)Ljava/lang/Object;
4967,0,com.fasterxml.jackson.databind.introspect.JacksonAnnotationIntrospector:findTypeResolver(Lcom/fasterxml/jackson/databind/cfg/MapperConfig;Lcom/fasterxml/jackson/databind/introspect/AnnotatedClass;Lcom/fasterxml/jackson/databind/JavaType;)Lcom/fasterxml/jackson/databind/jsontype/TypeResolverBuilder;
4973,0,com.fasterxml.jackson.databind.introspect.JacksonAnnotationIntrospector:findObjectIdInfo(Lcom/fasterxml/jackson/databind/introspect/Annotated;)Lcom/fasterxml/jackson/databind/introspect/ObjectIdInfo;
4988,0,com.fasterxml.jackson.databind.introspect.JacksonAnnotationIntrospector:findSerializationPropertyOrder(Lcom/fasterxml/jackson/databind/introspect/AnnotatedClass;)[Ljava/lang/String;
4989,0,com.fasterxml.jackson.databind.introspect.JacksonAnnotationIntrospector:findSerializationSortAlphabetically(Lcom/fasterxml/jackson/databind/introspect/Annotated;)Ljava/lang/Boolean;
4990,0,com.fasterxml.jackson.databind.introspect.JacksonAnnotationIntrospector:_findSortAlpha(Lcom/fasterxml/jackson/databind/introspect/Annotated;)Ljava/lang/Boolean;
4994,0,com.fasterxml.jackson.databind.introspect.JacksonAnnotationIntrospector:findNameForSerialization(Lcom/fasterxml/jackson/databind/introspect/Annotated;)Lcom/fasterxml/jackson/databind/PropertyName;
4995,0,com.fasterxml.jackson.databind.introspect.JacksonAnnotationIntrospector:hasAsValueAnnotation(Lcom/fasterxml/jackson/databind/introspect/AnnotatedMethod;)Z
4996,0,com.fasterxml.jackson.databind.introspect.JacksonAnnotationIntrospector:findDeserializer(Lcom/fasterxml/jackson/databind/introspect/Annotated;)Ljava/lang/Object;
4999,0,com.fasterxml.jackson.databind.introspect.JacksonAnnotationIntrospector:findDeserializationConverter(Lcom/fasterxml/jackson/databind/introspect/Annotated;)Ljava/lang/Object;
5002,0,com.fasterxml.jackson.databind.introspect.JacksonAnnotationIntrospector:findDeserializationType(Lcom/fasterxml/jackson/databind/introspect/Annotated;Lcom/fasterxml/jackson/databind/JavaType;)Ljava/lang/Class;
5005,0,com.fasterxml.jackson.databind.introspect.JacksonAnnotationIntrospector:findPOJOBuilder(Lcom/fasterxml/jackson/databind/introspect/AnnotatedClass;)Ljava/lang/Class;
5007,0,com.fasterxml.jackson.databind.introspect.JacksonAnnotationIntrospector:findNameForDeserialization(Lcom/fasterxml/jackson/databind/introspect/Annotated;)Lcom/fasterxml/jackson/databind/PropertyName;
5009,0,com.fasterxml.jackson.databind.introspect.JacksonAnnotationIntrospector:hasAnyGetterAnnotation(Lcom/fasterxml/jackson/databind/introspect/AnnotatedMethod;)Z
5010,0,com.fasterxml.jackson.databind.introspect.JacksonAnnotationIntrospector:hasCreatorAnnotation(Lcom/fasterxml/jackson/databind/introspect/Annotated;)Z
5011,0,com.fasterxml.jackson.databind.introspect.JacksonAnnotationIntrospector:findCreatorBinding(Lcom/fasterxml/jackson/databind/introspect/Annotated;)Lcom/fasterxml/jackson/annotation/JsonCreator$Mode;
5012,0,com.fasterxml.jackson.databind.introspect.JacksonAnnotationIntrospector:_isIgnorable(Lcom/fasterxml/jackson/databind/introspect/Annotated;)Z
5016,0,com.fasterxml.jackson.databind.introspect.JacksonAnnotationIntrospector:_findConstructorName(Lcom/fasterxml/jackson/databind/introspect/Annotated;)Lcom/fasterxml/jackson/databind/PropertyName;
5017,0,com.fasterxml.jackson.databind.introspect.JacksonAnnotationIntrospector:_findTypeResolver(Lcom/fasterxml/jackson/databind/cfg/MapperConfig;Lcom/fasterxml/jackson/databind/introspect/Annotated;Lcom/fasterxml/jackson/databind/JavaType;)Lcom/fasterxml/jackson/databind/jsontype/TypeResolverBuilder;
5032,0,com.fasterxml.jackson.databind.introspect.ClassIntrospector:<init>()V
5033,0,com.fasterxml.jackson.databind.introspect.TypeResolutionContext$Basic:<init>(Lcom/fasterxml/jackson/databind/type/TypeFactory;Lcom/fasterxml/jackson/databind/type/TypeBindings;)V
5035,0,com.fasterxml.jackson.databind.introspect.SimpleMixInResolver:<init>(Lcom/fasterxml/jackson/databind/introspect/ClassIntrospector$MixInResolver;)V
5042,0,com.fasterxml.jackson.databind.introspect.SimpleMixInResolver:findMixInClassFor(Ljava/lang/Class;)Ljava/lang/Class;
5059,0,com.fasterxml.jackson.databind.introspect.POJOPropertyBuilder:<init>(Lcom/fasterxml/jackson/databind/cfg/MapperConfig;Lcom/fasterxml/jackson/databind/AnnotationIntrospector;ZLcom/fasterxml/jackson/databind/PropertyName;)V
5060,0,com.fasterxml.jackson.databind.introspect.POJOPropertyBuilder:<init>(Lcom/fasterxml/jackson/databind/cfg/MapperConfig;Lcom/fasterxml/jackson/databind/AnnotationIntrospector;ZLcom/fasterxml/jackson/databind/PropertyName;Lcom/fasterxml/jackson/databind/PropertyName;)V
5065,0,com.fasterxml.jackson.databind.introspect.POJOPropertyBuilder:getName()Ljava/lang/String;
5082,0,com.fasterxml.jackson.databind.introspect.POJOPropertyBuilder:getConstructorParameters()Ljava/util/Iterator;
5099,0,com.fasterxml.jackson.databind.introspect.POJOPropertyBuilder:findAccess()Lcom/fasterxml/jackson/annotation/JsonProperty$Access;
5102,0,com.fasterxml.jackson.databind.introspect.POJOPropertyBuilder:addGetter(Lcom/fasterxml/jackson/databind/introspect/AnnotatedMethod;Lcom/fasterxml/jackson/databind/PropertyName;ZZZ)V
5107,0,com.fasterxml.jackson.databind.introspect.POJOPropertyBuilder:removeNonVisible(Z)Lcom/fasterxml/jackson/annotation/JsonProperty$Access;
5109,0,com.fasterxml.jackson.databind.introspect.POJOPropertyBuilder:trimByVisibility()V
5110,0,com.fasterxml.jackson.databind.introspect.POJOPropertyBuilder:mergeAnnotations(Z)V
5115,0,com.fasterxml.jackson.databind.introspect.POJOPropertyBuilder:_removeNonVisible(Lcom/fasterxml/jackson/databind/introspect/POJOPropertyBuilder$Linked;)Lcom/fasterxml/jackson/databind/introspect/POJOPropertyBuilder$Linked;
5116,0,com.fasterxml.jackson.databind.introspect.POJOPropertyBuilder:_trimByVisibility(Lcom/fasterxml/jackson/databind/introspect/POJOPropertyBuilder$Linked;)Lcom/fasterxml/jackson/databind/introspect/POJOPropertyBuilder$Linked;
5119,0,com.fasterxml.jackson.databind.introspect.POJOPropertyBuilder:anyVisible()Z
5120,0,com.fasterxml.jackson.databind.introspect.POJOPropertyBuilder:_anyVisible(Lcom/fasterxml/jackson/databind/introspect/POJOPropertyBuilder$Linked;)Z
5121,0,com.fasterxml.jackson.databind.introspect.POJOPropertyBuilder:anyIgnorals()Z
5122,0,com.fasterxml.jackson.databind.introspect.POJOPropertyBuilder:_anyIgnorals(Lcom/fasterxml/jackson/databind/introspect/POJOPropertyBuilder$Linked;)Z
5123,0,com.fasterxml.jackson.databind.introspect.POJOPropertyBuilder:findExplicitNames()Ljava/util/Set;
5126,0,com.fasterxml.jackson.databind.introspect.POJOPropertyBuilder:_findExplicitNames(Lcom/fasterxml/jackson/databind/introspect/POJOPropertyBuilder$Linked;Ljava/util/Set;)Ljava/util/Set;
5129,0,com.fasterxml.jackson.databind.introspect.POJOPropertyBuilder:fromMemberAnnotationsExcept(Lcom/fasterxml/jackson/databind/introspect/POJOPropertyBuilder$WithMember;Ljava/lang/Object;)Ljava/lang/Object;
5133,0,com.fasterxml.jackson.databind.introspect.AnnotationMap:<init>()V
5135,0,com.fasterxml.jackson.databind.introspect.AnnotationMap:get(Ljava/lang/Class;)Ljava/lang/annotation/Annotation;
5136,0,com.fasterxml.jackson.databind.introspect.AnnotationMap:has(Ljava/lang/Class;)Z
5137,0,com.fasterxml.jackson.databind.introspect.AnnotationMap:hasOneOf([Ljava/lang/Class;)Z
5145,0,com.fasterxml.jackson.databind.introspect.BasicBeanDescription:<init>(Lcom/fasterxml/jackson/databind/introspect/POJOPropertiesCollector;Lcom/fasterxml/jackson/databind/JavaType;Lcom/fasterxml/jackson/databind/introspect/AnnotatedClass;)V
5147,0,com.fasterxml.jackson.databind.introspect.BasicBeanDescription:<init>(Lcom/fasterxml/jackson/databind/introspect/POJOPropertiesCollector;)V
5148,0,com.fasterxml.jackson.databind.introspect.BasicBeanDescription:forDeserialization(Lcom/fasterxml/jackson/databind/introspect/POJOPropertiesCollector;)Lcom/fasterxml/jackson/databind/introspect/BasicBeanDescription;
5151,0,com.fasterxml.jackson.databind.introspect.BasicBeanDescription:_properties()Ljava/util/List;
5156,0,com.fasterxml.jackson.databind.introspect.BasicBeanDescription:getClassInfo()Lcom/fasterxml/jackson/databind/introspect/AnnotatedClass;
5158,0,com.fasterxml.jackson.databind.introspect.BasicBeanDescription:findProperties()Ljava/util/List;
5159,0,com.fasterxml.jackson.databind.introspect.BasicBeanDescription:findJsonValueMethod()Lcom/fasterxml/jackson/databind/introspect/AnnotatedMethod;
5165,0,com.fasterxml.jackson.databind.introspect.BasicBeanDescription:findDefaultConstructor()Lcom/fasterxml/jackson/databind/introspect/AnnotatedConstructor;
5168,0,com.fasterxml.jackson.databind.introspect.BasicBeanDescription:getConstructors()Ljava/util/List;
5177,0,com.fasterxml.jackson.databind.introspect.BasicBeanDescription:getFactoryMethods()Ljava/util/List;
5180,0,com.fasterxml.jackson.databind.introspect.BasicBeanDescription:isFactoryMethod(Lcom/fasterxml/jackson/databind/introspect/AnnotatedMethod;)Z
5182,0,com.fasterxml.jackson.databind.introspect.BasicBeanDescription:findPOJOBuilder()Ljava/lang/Class;
5184,0,com.fasterxml.jackson.databind.introspect.BasicBeanDescription:findDeserializationConverter()Lcom/fasterxml/jackson/databind/util/Converter;
5187,0,com.fasterxml.jackson.databind.introspect.BasicBeanDescription:_createConverter(Ljava/lang/Object;)Lcom/fasterxml/jackson/databind/util/Converter;
5191,0,com.fasterxml.jackson.databind.introspect.POJOPropertiesCollector:<init>(Lcom/fasterxml/jackson/databind/cfg/MapperConfig;ZLcom/fasterxml/jackson/databind/JavaType;Lcom/fasterxml/jackson/databind/introspect/AnnotatedClass;Ljava/lang/String;)V
5192,0,com.fasterxml.jackson.databind.introspect.POJOPropertiesCollector:getConfig()Lcom/fasterxml/jackson/databind/cfg/MapperConfig;
5193,0,com.fasterxml.jackson.databind.introspect.POJOPropertiesCollector:getType()Lcom/fasterxml/jackson/databind/JavaType;
5194,0,com.fasterxml.jackson.databind.introspect.POJOPropertiesCollector:getClassDef()Lcom/fasterxml/jackson/databind/introspect/AnnotatedClass;
5196,0,com.fasterxml.jackson.databind.introspect.POJOPropertiesCollector:getProperties()Ljava/util/List;
5198,0,com.fasterxml.jackson.databind.introspect.POJOPropertiesCollector:getJsonValueMethod()Lcom/fasterxml/jackson/databind/introspect/AnnotatedMethod;
5203,0,com.fasterxml.jackson.databind.introspect.POJOPropertiesCollector:getObjectIdInfo()Lcom/fasterxml/jackson/databind/introspect/ObjectIdInfo;
5205,0,com.fasterxml.jackson.databind.introspect.POJOPropertiesCollector:getPropertyMap()Ljava/util/Map;
5207,0,com.fasterxml.jackson.databind.introspect.POJOPropertiesCollector:collectAll()V
5208,0,com.fasterxml.jackson.databind.introspect.POJOPropertiesCollector:_addFields(Ljava/util/Map;)V
5209,0,com.fasterxml.jackson.databind.introspect.POJOPropertiesCollector:_addCreators(Ljava/util/Map;)V
5210,0,com.fasterxml.jackson.databind.introspect.POJOPropertiesCollector:_addCreatorParam(Ljava/util/Map;Lcom/fasterxml/jackson/databind/introspect/AnnotatedParameter;)V
5211,0,com.fasterxml.jackson.databind.introspect.POJOPropertiesCollector:_addMethods(Ljava/util/Map;)V
5212,0,com.fasterxml.jackson.databind.introspect.POJOPropertiesCollector:_addGetterMethod(Ljava/util/Map;Lcom/fasterxml/jackson/databind/introspect/AnnotatedMethod;Lcom/fasterxml/jackson/databind/AnnotationIntrospector;)V
5213,0,com.fasterxml.jackson.databind.introspect.POJOPropertiesCollector:_addSetterMethod(Ljava/util/Map;Lcom/fasterxml/jackson/databind/introspect/AnnotatedMethod;Lcom/fasterxml/jackson/databind/AnnotationIntrospector;)V
5214,0,com.fasterxml.jackson.databind.introspect.POJOPropertiesCollector:_addInjectables(Ljava/util/Map;)V
5215,0,com.fasterxml.jackson.databind.introspect.POJOPropertiesCollector:_doAddInjectable(Ljava/lang/Object;Lcom/fasterxml/jackson/databind/introspect/AnnotatedMember;)V
5217,0,com.fasterxml.jackson.databind.introspect.POJOPropertiesCollector:_removeUnwantedProperties(Ljava/util/Map;)V
5218,0,com.fasterxml.jackson.databind.introspect.POJOPropertiesCollector:_removeUnwantedAccessor(Ljava/util/Map;)V
5220,0,com.fasterxml.jackson.databind.introspect.POJOPropertiesCollector:_renameProperties(Ljava/util/Map;)V
5223,0,com.fasterxml.jackson.databind.introspect.POJOPropertiesCollector:_sortProperties(Ljava/util/Map;)V
5226,0,com.fasterxml.jackson.databind.introspect.POJOPropertiesCollector:_property(Ljava/util/Map;Ljava/lang/String;)Lcom/fasterxml/jackson/databind/introspect/POJOPropertyBuilder;
5227,0,com.fasterxml.jackson.databind.introspect.POJOPropertiesCollector:_findNamingStrategy()Lcom/fasterxml/jackson/databind/PropertyNamingStrategy;
5332,0,com.fasterxml.jackson.databind.introspect.POJOPropertyBuilder$Linked:<init>(Ljava/lang/Object;Lcom/fasterxml/jackson/databind/introspect/POJOPropertyBuilder$Linked;Lcom/fasterxml/jackson/databind/PropertyName;ZZZ)V
5335,0,com.fasterxml.jackson.databind.introspect.POJOPropertyBuilder$Linked:withNext(Lcom/fasterxml/jackson/databind/introspect/POJOPropertyBuilder$Linked;)Lcom/fasterxml/jackson/databind/introspect/POJOPropertyBuilder$Linked;
5337,0,com.fasterxml.jackson.databind.introspect.POJOPropertyBuilder$Linked:withoutNonVisible()Lcom/fasterxml/jackson/databind/introspect/POJOPropertyBuilder$Linked;
5339,0,com.fasterxml.jackson.databind.introspect.POJOPropertyBuilder$Linked:trimByVisibility()Lcom/fasterxml/jackson/databind/introspect/POJOPropertyBuilder$Linked;
5368,0,com.fasterxml.jackson.databind.introspect.AnnotatedClass:<init>(Lcom/fasterxml/jackson/databind/JavaType;Ljava/lang/Class;Lcom/fasterxml/jackson/databind/type/TypeBindings;Ljava/util/List;Lcom/fasterxml/jackson/databind/AnnotationIntrospector;Lcom/fasterxml/jackson/databind/introspect/ClassIntrospector$MixInResolver;Lcom/fasterxml/jackson/databind/type/TypeFactory;)V
5369,0,com.fasterxml.jackson.databind.introspect.AnnotatedClass:<init>(Lcom/fasterxml/jackson/databind/introspect/AnnotatedClass;Lcom/fasterxml/jackson/databind/introspect/AnnotationMap;)V
5372,0,com.fasterxml.jackson.databind.introspect.AnnotatedClass:construct(Lcom/fasterxml/jackson/databind/JavaType;Lcom/fasterxml/jackson/databind/cfg/MapperConfig;Lcom/fasterxml/jackson/databind/introspect/ClassIntrospector$MixInResolver;)Lcom/fasterxml/jackson/databind/introspect/AnnotatedClass;
5375,0,com.fasterxml.jackson.databind.introspect.AnnotatedClass:resolveType(Ljava/lang/reflect/Type;)Lcom/fasterxml/jackson/databind/JavaType;
5379,0,com.fasterxml.jackson.databind.introspect.AnnotatedClass:getAnnotation(Ljava/lang/Class;)Ljava/lang/annotation/Annotation;
5388,0,com.fasterxml.jackson.databind.introspect.AnnotatedClass:getDefaultConstructor()Lcom/fasterxml/jackson/databind/introspect/AnnotatedConstructor;
5389,0,com.fasterxml.jackson.databind.introspect.AnnotatedClass:getConstructors()Ljava/util/List;
5390,0,com.fasterxml.jackson.databind.introspect.AnnotatedClass:getStaticMethods()Ljava/util/List;
5391,0,com.fasterxml.jackson.databind.introspect.AnnotatedClass:memberMethods()Ljava/lang/Iterable;
5395,0,com.fasterxml.jackson.databind.introspect.AnnotatedClass:fields()Ljava/lang/Iterable;
5396,0,com.fasterxml.jackson.databind.introspect.AnnotatedClass:isNonStaticInnerClass()Z
5397,0,com.fasterxml.jackson.databind.introspect.AnnotatedClass:_resolveClassAnnotations()Lcom/fasterxml/jackson/databind/introspect/AnnotationMap;
5398,0,com.fasterxml.jackson.databind.introspect.AnnotatedClass:resolveCreators()V
5399,0,com.fasterxml.jackson.databind.introspect.AnnotatedClass:resolveMemberMethods()V
5400,0,com.fasterxml.jackson.databind.introspect.AnnotatedClass:_resolveMemberMethods()Lcom/fasterxml/jackson/databind/introspect/AnnotatedMethodMap;
5401,0,com.fasterxml.jackson.databind.introspect.AnnotatedClass:resolveFields()V
5402,0,com.fasterxml.jackson.databind.introspect.AnnotatedClass:_addClassMixIns(Lcom/fasterxml/jackson/databind/introspect/AnnotationMap;Lcom/fasterxml/jackson/databind/JavaType;)V
5403,0,com.fasterxml.jackson.databind.introspect.AnnotatedClass:_addClassMixIns(Lcom/fasterxml/jackson/databind/introspect/AnnotationMap;Ljava/lang/Class;)V
5404,0,com.fasterxml.jackson.databind.introspect.AnnotatedClass:_addClassMixIns(Lcom/fasterxml/jackson/databind/introspect/AnnotationMap;Ljava/lang/Class;Ljava/lang/Class;)V
5407,0,com.fasterxml.jackson.databind.introspect.AnnotatedClass:_addMemberMethods(Ljava/lang/Class;Lcom/fasterxml/jackson/databind/introspect/TypeResolutionContext;Lcom/fasterxml/jackson/databind/introspect/AnnotatedMethodMap;Ljava/lang/Class;Lcom/fasterxml/jackson/databind/introspect/AnnotatedMethodMap;)V
5409,0,com.fasterxml.jackson.databind.introspect.AnnotatedClass:_findFields(Lcom/fasterxml/jackson/databind/JavaType;Lcom/fasterxml/jackson/databind/introspect/TypeResolutionContext;Ljava/util/Map;)Ljava/util/Map;
5411,0,com.fasterxml.jackson.databind.introspect.AnnotatedClass:_constructMethod(Ljava/lang/reflect/Method;Lcom/fasterxml/jackson/databind/introspect/TypeResolutionContext;)Lcom/fasterxml/jackson/databind/introspect/AnnotatedMethod;
5414,0,com.fasterxml.jackson.databind.introspect.AnnotatedClass:_constructCreatorMethod(Ljava/lang/reflect/Method;Lcom/fasterxml/jackson/databind/introspect/TypeResolutionContext;)Lcom/fasterxml/jackson/databind/introspect/AnnotatedMethod;
5418,0,com.fasterxml.jackson.databind.introspect.AnnotatedClass:_isIncludableMemberMethod(Ljava/lang/reflect/Method;)Z
5419,0,com.fasterxml.jackson.databind.introspect.AnnotatedClass:_isIncludableField(Ljava/lang/reflect/Field;)Z
5421,0,com.fasterxml.jackson.databind.introspect.AnnotatedClass:_collectRelevantAnnotations([[Ljava/lang/annotation/Annotation;)[Lcom/fasterxml/jackson/databind/introspect/AnnotationMap;
5422,0,com.fasterxml.jackson.databind.introspect.AnnotatedClass:_collectRelevantAnnotations([Ljava/lang/annotation/Annotation;)Lcom/fasterxml/jackson/databind/introspect/AnnotationMap;
5423,0,com.fasterxml.jackson.databind.introspect.AnnotatedClass:_addAnnotationsIfNotPresent(Lcom/fasterxml/jackson/databind/introspect/AnnotationMap;[Ljava/lang/annotation/Annotation;)Lcom/fasterxml/jackson/databind/introspect/AnnotationMap;
5431,0,com.fasterxml.jackson.databind.introspect.AnnotatedClass:_findClassMethods(Ljava/lang/Class;)[Ljava/lang/reflect/Method;
5445,0,com.fasterxml.jackson.databind.introspect.Annotated:<init>()V
5450,0,com.fasterxml.jackson.databind.introspect.BeanPropertyDefinition:<init>()V
5463,0,com.fasterxml.jackson.databind.jsontype.SubtypeResolver:<init>()V
5577,0,com.fasterxml.jackson.databind.jsontype.impl.StdSubtypeResolver:<init>()V
5694,0,com.fasterxml.jackson.databind.MappingJsonFactory:<init>(Lcom/fasterxml/jackson/databind/ObjectMapper;)V
5788,0,com.fasterxml.jackson.databind.cfg.ContextAttributes:getEmpty()Lcom/fasterxml/jackson/databind/cfg/ContextAttributes;
5789,0,com.fasterxml.jackson.databind.cfg.MapperConfigBase:<init>(Lcom/fasterxml/jackson/databind/cfg/BaseSettings;Lcom/fasterxml/jackson/databind/jsontype/SubtypeResolver;Lcom/fasterxml/jackson/databind/introspect/SimpleMixInResolver;Lcom/fasterxml/jackson/databind/util/RootNameLookup;Lcom/fasterxml/jackson/databind/cfg/ConfigOverrides;)V
5791,0,com.fasterxml.jackson.databind.cfg.MapperConfigBase:<init>(Lcom/fasterxml/jackson/databind/cfg/MapperConfigBase;)V
5800,0,com.fasterxml.jackson.databind.cfg.MapperConfigBase:getDefaultVisibilityChecker()Lcom/fasterxml/jackson/databind/introspect/VisibilityChecker;
5808,0,com.fasterxml.jackson.databind.cfg.MapperConfigBase:getActiveView()Ljava/lang/Class;
5809,0,com.fasterxml.jackson.databind.cfg.MapperConfigBase:getAttributes()Lcom/fasterxml/jackson/databind/cfg/ContextAttributes;
5816,0,com.fasterxml.jackson.databind.cfg.MapperConfigBase:findMixInClassFor(Ljava/lang/Class;)Ljava/lang/Class;
5820,0,com.fasterxml.jackson.databind.cfg.MapperConfig:<init>(Lcom/fasterxml/jackson/databind/cfg/BaseSettings;I)V
5823,0,com.fasterxml.jackson.databind.cfg.MapperConfig:<init>(Lcom/fasterxml/jackson/databind/cfg/MapperConfig;)V
5824,0,com.fasterxml.jackson.databind.cfg.MapperConfig:collectFeatureDefaults(Ljava/lang/Class;)I
5825,0,com.fasterxml.jackson.databind.cfg.MapperConfig:isEnabled(Lcom/fasterxml/jackson/databind/MapperFeature;)Z
5827,0,com.fasterxml.jackson.databind.cfg.MapperConfig:isAnnotationProcessingEnabled()Z
5828,0,com.fasterxml.jackson.databind.cfg.MapperConfig:canOverrideAccessModifiers()Z
5829,0,com.fasterxml.jackson.databind.cfg.MapperConfig:shouldSortPropertiesAlphabetically()Z
5831,0,com.fasterxml.jackson.databind.cfg.MapperConfig:getClassIntrospector()Lcom/fasterxml/jackson/databind/introspect/ClassIntrospector;
5832,0,com.fasterxml.jackson.databind.cfg.MapperConfig:getAnnotationIntrospector()Lcom/fasterxml/jackson/databind/AnnotationIntrospector;
5833,0,com.fasterxml.jackson.databind.cfg.MapperConfig:getDefaultVisibilityChecker()Lcom/fasterxml/jackson/databind/introspect/VisibilityChecker;
5834,0,com.fasterxml.jackson.databind.cfg.MapperConfig:getPropertyNamingStrategy()Lcom/fasterxml/jackson/databind/PropertyNamingStrategy;
5836,0,com.fasterxml.jackson.databind.cfg.MapperConfig:getDefaultTyper(Lcom/fasterxml/jackson/databind/JavaType;)Lcom/fasterxml/jackson/databind/jsontype/TypeResolverBuilder;
5837,0,com.fasterxml.jackson.databind.cfg.MapperConfig:getTypeFactory()Lcom/fasterxml/jackson/databind/type/TypeFactory;
5838,0,com.fasterxml.jackson.databind.cfg.MapperConfig:constructType(Ljava/lang/Class;)Lcom/fasterxml/jackson/databind/JavaType;
5841,0,com.fasterxml.jackson.databind.cfg.MapperConfig:introspectClassAnnotations(Ljava/lang/Class;)Lcom/fasterxml/jackson/databind/BeanDescription;
5872,0,com.fasterxml.jackson.databind.cfg.DeserializerFactoryConfig:hasDeserializerModifiers()Z
5875,0,com.fasterxml.jackson.databind.cfg.DeserializerFactoryConfig:deserializers()Ljava/lang/Iterable;
5881,0,com.fasterxml.jackson.databind.cfg.BaseSettings:<init>(Lcom/fasterxml/jackson/databind/introspect/ClassIntrospector;Lcom/fasterxml/jackson/databind/AnnotationIntrospector;Lcom/fasterxml/jackson/databind/introspect/VisibilityChecker;Lcom/fasterxml/jackson/databind/PropertyNamingStrategy;Lcom/fasterxml/jackson/databind/type/TypeFactory;Lcom/fasterxml/jackson/databind/jsontype/TypeResolverBuilder;Ljava/text/DateFormat;Lcom/fasterxml/jackson/databind/cfg/HandlerInstantiator;Ljava/util/Locale;Ljava/util/TimeZone;Lcom/fasterxml/jackson/core/Base64Variant;)V
5882,0,com.fasterxml.jackson.databind.cfg.BaseSettings:withClassIntrospector(Lcom/fasterxml/jackson/databind/introspect/ClassIntrospector;)Lcom/fasterxml/jackson/databind/cfg/BaseSettings;
5896,0,com.fasterxml.jackson.databind.cfg.BaseSettings:getClassIntrospector()Lcom/fasterxml/jackson/databind/introspect/ClassIntrospector;
5897,0,com.fasterxml.jackson.databind.cfg.BaseSettings:getAnnotationIntrospector()Lcom/fasterxml/jackson/databind/AnnotationIntrospector;
5898,0,com.fasterxml.jackson.databind.cfg.BaseSettings:getVisibilityChecker()Lcom/fasterxml/jackson/databind/introspect/VisibilityChecker;
5899,0,com.fasterxml.jackson.databind.cfg.BaseSettings:getPropertyNamingStrategy()Lcom/fasterxml/jackson/databind/PropertyNamingStrategy;
5900,0,com.fasterxml.jackson.databind.cfg.BaseSettings:getTypeFactory()Lcom/fasterxml/jackson/databind/type/TypeFactory;
5901,0,com.fasterxml.jackson.databind.cfg.BaseSettings:getTypeResolverBuilder()Lcom/fasterxml/jackson/databind/jsontype/TypeResolverBuilder;
5919,0,com.fasterxml.jackson.databind.cfg.ContextAttributes$Impl:getEmpty()Lcom/fasterxml/jackson/databind/cfg/ContextAttributes;
5931,0,com.fasterxml.jackson.databind.cfg.ConfigOverrides:<init>()V
5953,0,com.fasterxml.jackson.databind.MapperFeature:getMask()I
5995,0,com.fasterxml.jackson.databind.util.ClassUtil$EmptyIterator:hasNext()Z
6137,0,com.fasterxml.jackson.databind.util.ClassUtil:emptyIterator()Ljava/util/Iterator;
6138,0,com.fasterxml.jackson.databind.util.ClassUtil:findSuperTypes(Lcom/fasterxml/jackson/databind/JavaType;Ljava/lang/Class;Z)Ljava/util/List;
6143,0,com.fasterxml.jackson.databind.util.ClassUtil:_addSuperTypes(Lcom/fasterxml/jackson/databind/JavaType;Ljava/lang/Class;Ljava/util/Collection;Z)V
6170,0,com.fasterxml.jackson.databind.util.ClassUtil:checkAndFixAccess(Ljava/lang/reflect/Member;Z)V
6175,0,com.fasterxml.jackson.databind.util.ClassUtil:findFirstAnnotatedEnumValue(Ljava/lang/Class;Ljava/lang/Class;)Ljava/lang/Enum;
6179,0,com.fasterxml.jackson.databind.util.ClassUtil:isNonStaticInnerClass(Ljava/lang/Class;)Z
6180,0,com.fasterxml.jackson.databind.util.ClassUtil:isObjectOrPrimitive(Ljava/lang/Class;)Z
6183,0,com.fasterxml.jackson.databind.util.ClassUtil:getDeclaredFields(Ljava/lang/Class;)[Ljava/lang/reflect/Field;
6184,0,com.fasterxml.jackson.databind.util.ClassUtil:getDeclaredMethods(Ljava/lang/Class;)[Ljava/lang/reflect/Method;
6185,0,com.fasterxml.jackson.databind.util.ClassUtil:findClassAnnotations(Ljava/lang/Class;)[Ljava/lang/annotation/Annotation;
6188,0,com.fasterxml.jackson.databind.util.ClassUtil:getGenericSuperclass(Ljava/lang/Class;)Ljava/lang/reflect/Type;
6189,0,com.fasterxml.jackson.databind.util.ClassUtil:getGenericInterfaces(Ljava/lang/Class;)[Ljava/lang/reflect/Type;
6218,0,com.fasterxml.jackson.databind.util.CompactStringObjectMap:<init>(II[Ljava/lang/Object;)V
6219,0,com.fasterxml.jackson.databind.util.CompactStringObjectMap:construct(Ljava/util/Map;)Lcom/fasterxml/jackson/databind/util/CompactStringObjectMap;
6220,0,com.fasterxml.jackson.databind.util.CompactStringObjectMap:findSize(I)I
6221,0,com.fasterxml.jackson.databind.util.CompactStringObjectMap:find(Ljava/lang/String;)Ljava/lang/Object;
6222,0,com.fasterxml.jackson.databind.util.CompactStringObjectMap:_find2(Ljava/lang/String;ILjava/lang/Object;)Ljava/lang/Object;
6223,0,com.fasterxml.jackson.databind.util.CompactStringObjectMap:keys()Ljava/util/List;
6228,0,com.fasterxml.jackson.databind.util.ArrayIterator:<init>([Ljava/lang/Object;)V
6229,0,com.fasterxml.jackson.databind.util.ArrayIterator:hasNext()Z
6232,0,com.fasterxml.jackson.databind.util.ArrayIterator:iterator()Ljava/util/Iterator;
6314,0,com.fasterxml.jackson.databind.util.LRUMap:<init>(II)V
6316,0,com.fasterxml.jackson.databind.util.LRUMap:putIfAbsent(Ljava/lang/Object;Ljava/lang/Object;)Ljava/lang/Object;
6317,0,com.fasterxml.jackson.databind.util.LRUMap:get(Ljava/lang/Object;)Ljava/lang/Object;
6345,0,com.fasterxml.jackson.databind.util.BeanUtil:okNameForRegularGetter(Lcom/fasterxml/jackson/databind/introspect/AnnotatedMethod;Ljava/lang/String;Z)Ljava/lang/String;
6346,0,com.fasterxml.jackson.databind.util.BeanUtil:okNameForIsGetter(Lcom/fasterxml/jackson/databind/introspect/AnnotatedMethod;Ljava/lang/String;Z)Ljava/lang/String;
6348,0,com.fasterxml.jackson.databind.util.BeanUtil:okNameForMutator(Lcom/fasterxml/jackson/databind/introspect/AnnotatedMethod;Ljava/lang/String;Z)Ljava/lang/String;
6357,0,com.fasterxml.jackson.databind.util.BeanUtil:legacyManglePropertyName(Ljava/lang/String;I)Ljava/lang/String;
6361,0,com.fasterxml.jackson.databind.util.EnumResolver:<init>(Ljava/lang/Class;[Ljava/lang/Enum;Ljava/util/HashMap;Ljava/lang/Enum;)V
6362,0,com.fasterxml.jackson.databind.util.EnumResolver:constructFor(Ljava/lang/Class;Lcom/fasterxml/jackson/databind/AnnotationIntrospector;)Lcom/fasterxml/jackson/databind/util/EnumResolver;
6367,0,com.fasterxml.jackson.databind.util.EnumResolver:constructUnsafe(Ljava/lang/Class;Lcom/fasterxml/jackson/databind/AnnotationIntrospector;)Lcom/fasterxml/jackson/databind/util/EnumResolver;
6372,0,com.fasterxml.jackson.databind.util.EnumResolver:constructLookup()Lcom/fasterxml/jackson/databind/util/CompactStringObjectMap;
6375,0,com.fasterxml.jackson.databind.util.EnumResolver:getDefaultValue()Ljava/lang/Enum;
6376,0,com.fasterxml.jackson.databind.util.EnumResolver:getRawEnums()[Ljava/lang/Enum;
6379,0,com.fasterxml.jackson.databind.util.EnumResolver:getEnumClass()Ljava/lang/Class;
6417,0,com.fasterxml.jackson.databind.util.RootNameLookup:<init>()V
6433,0,com.fasterxml.jackson.databind.util.LinkedNode:<init>(Ljava/lang/Object;Lcom/fasterxml/jackson/databind/util/LinkedNode;)V
6436,0,com.fasterxml.jackson.databind.util.LinkedNode:value()Ljava/lang/Object;
6437,0,com.fasterxml.jackson.databind.util.LinkedNode:contains(Lcom/fasterxml/jackson/databind/util/LinkedNode;Ljava/lang/Object;)Z
6476,0,com.fasterxml.jackson.databind.DatabindContext:<init>()V
6568,0,com.fasterxml.jackson.databind.JsonMappingException:<init>(Ljava/io/Closeable;Ljava/lang/String;)V
6598,0,com.fasterxml.jackson.databind.DeserializationFeature:enabledByDefault()Z
6599,0,com.fasterxml.jackson.databind.DeserializationFeature:getMask()I
