10,0,org.mockito.exceptions.Reporter:<init>()V
79,0,org.mockito.exceptions.Reporter:serializableWontWorkForObjectsThatDontImplementSerializable(Ljava/lang/Class;)V
112,0,org.mockito.exceptions.base.MockitoException:<init>(Ljava/lang/String;)V
113,0,org.mockito.exceptions.base.MockitoException:filterStackTrace()V
222,0,org.mockito.Mockito:mock(Ljava/lang/Class;Lorg/mockito/stubbing/Answer;)Ljava/lang/Object;
223,0,org.mockito.Mockito:mock(Ljava/lang/Class;Lorg/mockito/MockSettings;)Ljava/lang/Object;
251,0,org.mockito.Mockito:withSettings()Lorg/mockito/MockSettings;
378,0,org.mockito.internal.exceptions.stacktrace.ConditionalStackTraceFilter:<init>()V
379,0,org.mockito.internal.exceptions.stacktrace.ConditionalStackTraceFilter:filter(Ljava/lang/Throwable;)V
380,0,org.mockito.internal.exceptions.stacktrace.StackTraceFilter:<init>()V
386,0,org.mockito.internal.MockitoCore:isTypeMockable(Ljava/lang/Class;)Z
387,0,org.mockito.internal.MockitoCore:mock(Ljava/lang/Class;Lorg/mockito/MockSettings;)Ljava/lang/Object;
435,0,org.mockito.internal.debugging.LocationImpl:<init>()V
436,0,org.mockito.internal.debugging.LocationImpl:<init>(Lorg/mockito/internal/exceptions/stacktrace/StackTraceFilter;)V
444,0,org.mockito.internal.handler.MockHandlerFactory:<init>()V
445,0,org.mockito.internal.handler.MockHandlerFactory:create(Lorg/mockito/mock/MockCreationSettings;)Lorg/mockito/internal/InternalMockHandler;
446,0,org.mockito.internal.handler.NullResultGuardian:<init>(Lorg/mockito/internal/InternalMockHandler;)V
447,0,org.mockito.internal.handler.NullResultGuardian:handle(Lorg/mockito/invocation/Invocation;)Ljava/lang/Object;
448,0,org.mockito.internal.handler.NullResultGuardian:getMockSettings()Lorg/mockito/mock/MockCreationSettings;
451,0,org.mockito.internal.handler.NullResultGuardian:getInvocationContainer()Lorg/mockito/internal/stubbing/InvocationContainer;
452,0,org.mockito.internal.handler.MockHandlerImpl:<init>(Lorg/mockito/mock/MockCreationSettings;)V
453,0,org.mockito.internal.handler.MockHandlerImpl:handle(Lorg/mockito/invocation/Invocation;)Ljava/lang/Object;
455,0,org.mockito.internal.handler.MockHandlerImpl:getMockSettings()Lorg/mockito/mock/MockCreationSettings;
457,0,org.mockito.internal.handler.MockHandlerImpl:getInvocationContainer()Lorg/mockito/internal/stubbing/InvocationContainer;
459,0,org.mockito.internal.handler.InvocationNotifierHandler:<init>(Lorg/mockito/internal/InternalMockHandler;Lorg/mockito/mock/MockCreationSettings;)V
460,0,org.mockito.internal.handler.InvocationNotifierHandler:handle(Lorg/mockito/invocation/Invocation;)Ljava/lang/Object;
462,0,org.mockito.internal.handler.InvocationNotifierHandler:notifyMethodCallException(Lorg/mockito/invocation/Invocation;Ljava/lang/Throwable;)V
463,0,org.mockito.internal.handler.InvocationNotifierHandler:getMockSettings()Lorg/mockito/mock/MockCreationSettings;
466,0,org.mockito.internal.handler.InvocationNotifierHandler:getInvocationContainer()Lorg/mockito/internal/stubbing/InvocationContainer;
467,0,org.mockito.internal.creation.MockSettingsImpl:<init>()V
468,0,org.mockito.internal.creation.MockSettingsImpl:serializable()Lorg/mockito/MockSettings;
469,0,org.mockito.internal.creation.MockSettingsImpl:serializable(Lorg/mockito/mock/SerializableMode;)Lorg/mockito/MockSettings;
472,0,org.mockito.internal.creation.MockSettingsImpl:getExtraInterfaces()Ljava/util/Set;
473,0,org.mockito.internal.creation.MockSettingsImpl:getSpiedInstance()Ljava/lang/Object;
476,0,org.mockito.internal.creation.MockSettingsImpl:defaultAnswer(Lorg/mockito/stubbing/Answer;)Lorg/mockito/MockSettings;
486,0,org.mockito.internal.creation.MockSettingsImpl:confirm(Ljava/lang/Class;)Lorg/mockito/mock/MockCreationSettings;
487,0,org.mockito.internal.creation.MockSettingsImpl:validatedSettings(Ljava/lang/Class;Lorg/mockito/internal/creation/settings/CreationSettings;)Lorg/mockito/internal/creation/settings/CreationSettings;
488,0,org.mockito.internal.creation.MockSettingsImpl:prepareExtraInterfaces(Lorg/mockito/internal/creation/settings/CreationSettings;)Ljava/util/Set;
495,0,org.mockito.internal.creation.jmock.SearchingClassLoader:combineLoadersOf([Ljava/lang/Class;)Ljava/lang/ClassLoader;
496,0,org.mockito.internal.creation.jmock.SearchingClassLoader:combineLoadersOf(Ljava/lang/Class;[Ljava/lang/Class;)Ljava/lang/ClassLoader;
497,0,org.mockito.internal.creation.jmock.SearchingClassLoader:combine(Ljava/util/List;)Ljava/lang/ClassLoader;
498,0,org.mockito.internal.creation.jmock.SearchingClassLoader:addIfNewElement(Ljava/util/List;Ljava/lang/ClassLoader;)V
502,0,org.mockito.internal.creation.jmock.ClassImposterizer:imposterise(Lorg/mockito/cglib/proxy/MethodInterceptor;Ljava/lang/Class;Ljava/util/Collection;)Ljava/lang/Object;
503,0,org.mockito.internal.creation.jmock.ClassImposterizer:imposterise(Lorg/mockito/cglib/proxy/MethodInterceptor;Ljava/lang/Class;[Ljava/lang/Class;)Ljava/lang/Object;
506,0,org.mockito.internal.creation.jmock.ClassImposterizer:setConstructorsAccessible(Ljava/lang/Class;Z)V
507,0,org.mockito.internal.creation.jmock.ClassImposterizer:createProxyClass(Ljava/lang/Class;[Ljava/lang/Class;)Ljava/lang/Class;
508,0,org.mockito.internal.creation.jmock.ClassImposterizer:createProxy(Ljava/lang/Class;Lorg/mockito/cglib/proxy/MethodInterceptor;)Ljava/lang/Object;
509,0,org.mockito.internal.creation.jmock.ClassImposterizer:prepend(Ljava/lang/Class;[Ljava/lang/Class;)[Ljava/lang/Class;
511,0,org.mockito.internal.creation.jmock.ClassImposterizer$3:<init>(Lorg/mockito/internal/creation/jmock/ClassImposterizer;)V
512,0,org.mockito.internal.creation.jmock.ClassImposterizer$3:filterConstructors(Ljava/lang/Class;Ljava/util/List;)V
514,0,org.mockito.internal.creation.jmock.ClassImposterizer$2:accept(Ljava/lang/reflect/Method;)I
515,0,org.mockito.internal.creation.AbstractMockitoMethodProxy:<init>()V
517,0,org.mockito.internal.creation.DelegatingMockitoMethodProxy:<init>(Lorg/mockito/cglib/proxy/MethodProxy;)V
518,0,org.mockito.internal.creation.DelegatingMockitoMethodProxy:getMethodProxy()Lorg/mockito/cglib/proxy/MethodProxy;
523,0,org.mockito.internal.creation.DelegatingMethod:<init>(Ljava/lang/reflect/Method;)V
525,0,org.mockito.internal.creation.DelegatingMethod:getJavaMethod()Ljava/lang/reflect/Method;
529,0,org.mockito.internal.creation.DelegatingMethod:isVarArgs()Z
534,0,org.mockito.internal.creation.settings.CreationSettings:<init>()V
535,0,org.mockito.internal.creation.settings.CreationSettings:<init>(Lorg/mockito/internal/creation/settings/CreationSettings;)V
536,0,org.mockito.internal.creation.settings.CreationSettings:getTypeToMock()Ljava/lang/Class;
537,0,org.mockito.internal.creation.settings.CreationSettings:setTypeToMock(Ljava/lang/Class;)Lorg/mockito/internal/creation/settings/CreationSettings;
538,0,org.mockito.internal.creation.settings.CreationSettings:getExtraInterfaces()Ljava/util/Set;
539,0,org.mockito.internal.creation.settings.CreationSettings:setExtraInterfaces(Ljava/util/Set;)Lorg/mockito/internal/creation/settings/CreationSettings;
540,0,org.mockito.internal.creation.settings.CreationSettings:getName()Ljava/lang/String;
541,0,org.mockito.internal.creation.settings.CreationSettings:getSpiedInstance()Ljava/lang/Object;
542,0,org.mockito.internal.creation.settings.CreationSettings:getDefaultAnswer()Lorg/mockito/stubbing/Answer;
544,0,org.mockito.internal.creation.settings.CreationSettings:setMockName(Lorg/mockito/mock/MockName;)Lorg/mockito/internal/creation/settings/CreationSettings;
545,0,org.mockito.internal.creation.settings.CreationSettings:isSerializable()Z
546,0,org.mockito.internal.creation.settings.CreationSettings:getSerializableMode()Lorg/mockito/mock/SerializableMode;
547,0,org.mockito.internal.creation.settings.CreationSettings:getInvocationListeners()Ljava/util/List;
548,0,org.mockito.internal.creation.settings.CreationSettings:isStubOnly()Z
551,0,org.mockito.internal.creation.cglib.CGLIBHacker:<init>()V
552,0,org.mockito.internal.creation.cglib.CGLIBHacker:setMockitoNamingPolicy(Lorg/mockito/internal/creation/MockitoMethodProxy;)V
553,0,org.mockito.internal.creation.cglib.CGLIBHacker:reflectOnCreateInfo(Lorg/mockito/cglib/proxy/MethodProxy;)Ljava/lang/reflect/Field;
555,0,org.mockito.internal.creation.cglib.MockitoNamingPolicy:getTag()Ljava/lang/String;
557,0,org.mockito.internal.creation.AcrossJVMSerializationFeature:<init>()V
558,0,org.mockito.internal.creation.AcrossJVMSerializationFeature:isWriteReplace(Ljava/lang/reflect/Method;)Z
563,0,org.mockito.internal.creation.AcrossJVMSerializationFeature:enableSerializationAcrossJVM(Lorg/mockito/mock/MockCreationSettings;)V
567,0,org.mockito.internal.creation.MethodInterceptorFilter:<init>(Lorg/mockito/internal/InternalMockHandler;Lorg/mockito/mock/MockCreationSettings;)V
568,0,org.mockito.internal.creation.MethodInterceptorFilter:intercept(Ljava/lang/Object;Ljava/lang/reflect/Method;[Ljava/lang/Object;Lorg/mockito/cglib/proxy/MethodProxy;)Ljava/lang/Object;
569,0,org.mockito.internal.creation.MethodInterceptorFilter:getHandler()Lorg/mockito/invocation/MockHandler;
571,0,org.mockito.internal.creation.MethodInterceptorFilter:createMockitoMethodProxy(Lorg/mockito/cglib/proxy/MethodProxy;)Lorg/mockito/internal/creation/MockitoMethodProxy;
572,0,org.mockito.internal.creation.MethodInterceptorFilter:createMockitoMethod(Ljava/lang/reflect/Method;)Lorg/mockito/internal/invocation/MockitoMethod;
574,0,org.mockito.internal.creation.CglibMockMaker:createMock(Lorg/mockito/mock/MockCreationSettings;Lorg/mockito/invocation/MockHandler;)Ljava/lang/Object;
575,0,org.mockito.internal.creation.CglibMockMaker:cast(Lorg/mockito/invocation/MockHandler;)Lorg/mockito/internal/InternalMockHandler;
577,0,org.mockito.internal.creation.CglibMockMaker:getHandler(Ljava/lang/Object;)Lorg/mockito/invocation/MockHandler;
622,0,org.mockito.internal.invocation.ArgumentsProcessor:expandVarArgs(Z[Ljava/lang/Object;)[Ljava/lang/Object;
623,0,org.mockito.internal.invocation.ArgumentsProcessor:argumentsToMatchers([Ljava/lang/Object;)Ljava/util/List;
627,0,org.mockito.internal.invocation.realmethod.FilteredCGLIBProxyRealMethod:<init>(Lorg/mockito/internal/creation/MockitoMethodProxy;)V
628,0,org.mockito.internal.invocation.realmethod.FilteredCGLIBProxyRealMethod:<init>(Lorg/mockito/internal/invocation/realmethod/RealMethod;)V
631,0,org.mockito.internal.invocation.realmethod.CGLIBProxyRealMethod:<init>(Lorg/mockito/internal/creation/MockitoMethodProxy;)V
634,0,org.mockito.internal.invocation.InvocationMatcher:<init>(Lorg/mockito/invocation/Invocation;Ljava/util/List;)V
637,0,org.mockito.internal.invocation.InvocationMatcher:getInvocation()Lorg/mockito/invocation/Invocation;
649,0,org.mockito.internal.invocation.MatchersBinder:<init>()V
650,0,org.mockito.internal.invocation.MatchersBinder:bindMatchers(Lorg/mockito/internal/progress/ArgumentMatcherStorage;Lorg/mockito/invocation/Invocation;)Lorg/mockito/internal/invocation/InvocationMatcher;
651,0,org.mockito.internal.invocation.MatchersBinder:validateMatchers(Lorg/mockito/invocation/Invocation;Ljava/util/List;)V
681,0,org.mockito.internal.invocation.InvocationImpl:<init>(Ljava/lang/Object;Lorg/mockito/internal/invocation/MockitoMethod;[Ljava/lang/Object;ILorg/mockito/internal/invocation/realmethod/RealMethod;)V
682,0,org.mockito.internal.invocation.InvocationImpl:getMock()Ljava/lang/Object;
683,0,org.mockito.internal.invocation.InvocationImpl:getMethod()Ljava/lang/reflect/Method;
684,0,org.mockito.internal.invocation.InvocationImpl:getArguments()[Ljava/lang/Object;
743,0,org.mockito.internal.verification.DefaultRegisteredInvocations:<init>()V
744,0,org.mockito.internal.verification.DefaultRegisteredInvocations:add(Lorg/mockito/invocation/Invocation;)V
898,0,org.mockito.internal.configuration.GlobalConfiguration:<init>()V
900,0,org.mockito.internal.configuration.GlobalConfiguration:validate()V
903,0,org.mockito.internal.configuration.GlobalConfiguration:cleansStackTrace()Z
1071,0,org.mockito.internal.util.MockCreationValidator:<init>()V
1072,0,org.mockito.internal.util.MockCreationValidator:validateType(Ljava/lang/Class;)V
1073,0,org.mockito.internal.util.MockCreationValidator:validateExtraInterfaces(Ljava/lang/Class;Ljava/util/Collection;)V
1074,0,org.mockito.internal.util.MockCreationValidator:validateMockedType(Ljava/lang/Class;Ljava/lang/Object;)V
1076,0,org.mockito.internal.util.MockCreationValidator:validateSerializable(Ljava/lang/Class;Z)V
1082,0,org.mockito.internal.util.Checks:checkNotNull(Ljava/lang/Object;Ljava/lang/String;)Ljava/lang/Object;
1084,0,org.mockito.internal.util.MockUtil:<init>()V
1085,0,org.mockito.internal.util.MockUtil:isTypeMockable(Ljava/lang/Class;)Z
1086,0,org.mockito.internal.util.MockUtil:createMock(Lorg/mockito/mock/MockCreationSettings;)Ljava/lang/Object;
1088,0,org.mockito.internal.util.MockUtil:getMockHandler(Ljava/lang/Object;)Lorg/mockito/internal/InternalMockHandler;
1091,0,org.mockito.internal.util.MockUtil:isMockitoMock(Ljava/lang/Object;)Z
1120,0,org.mockito.internal.util.reflection.GenericMetadataSupport$NotGenericReturnTypeSupport:<init>(Ljava/lang/reflect/Type;)V
1121,0,org.mockito.internal.util.reflection.GenericMetadataSupport$NotGenericReturnTypeSupport:rawType()Ljava/lang/Class;
1133,0,org.mockito.internal.util.reflection.GenericMetadataSupport$FromClassGenericMetadataSupport:<init>(Ljava/lang/Class;)V
1134,0,org.mockito.internal.util.reflection.GenericMetadataSupport$FromClassGenericMetadataSupport:superClassOf(Ljava/lang/Class;)Ljava/lang/Class;
1135,0,org.mockito.internal.util.reflection.GenericMetadataSupport$FromClassGenericMetadataSupport:readActualTypeParametersOnDeclaringClass(Ljava/lang/Class;)V
1186,0,org.mockito.internal.util.reflection.Constructors:noArgConstructorOf(Ljava/lang/Class;)Ljava/lang/reflect/Constructor;
1221,0,org.mockito.internal.util.reflection.GenericMetadataSupport:<init>()V
1222,0,org.mockito.internal.util.reflection.GenericMetadataSupport:registerTypeVariablesOn(Ljava/lang/reflect/Type;)V
1223,0,org.mockito.internal.util.reflection.GenericMetadataSupport:registerTypeParametersOn([Ljava/lang/reflect/TypeVariable;)V
1228,0,org.mockito.internal.util.reflection.GenericMetadataSupport:rawExtraInterfaces()[Ljava/lang/Class;
1229,0,org.mockito.internal.util.reflection.GenericMetadataSupport:hasRawExtraInterfaces()Z
1232,0,org.mockito.internal.util.reflection.GenericMetadataSupport:resolveGenericReturnType(Ljava/lang/reflect/Method;)Lorg/mockito/internal/util/reflection/GenericMetadataSupport;
1233,0,org.mockito.internal.util.reflection.GenericMetadataSupport:inferFrom(Ljava/lang/reflect/Type;)Lorg/mockito/internal/util/reflection/GenericMetadataSupport;
1237,0,org.mockito.internal.util.MockNameImpl:<init>(Ljava/lang/String;Ljava/lang/Class;)V
1239,0,org.mockito.internal.util.MockNameImpl:toInstanceName(Ljava/lang/Class;)Ljava/lang/String;
1242,0,org.mockito.internal.util.ObjectMethodsGuru:<init>()V
1245,0,org.mockito.internal.util.ObjectMethodsGuru:isEqualsMethod(Ljava/lang/reflect/Method;)Z
1246,0,org.mockito.internal.util.ObjectMethodsGuru:isHashCodeMethod(Ljava/lang/reflect/Method;)Z
1251,0,org.mockito.internal.util.StringJoiner:join([Ljava/lang/Object;)Ljava/lang/String;
1252,0,org.mockito.internal.util.StringJoiner:join(Ljava/lang/StringBuilder;[Ljava/lang/Object;)Ljava/lang/String;
1315,0,org.mockito.internal.progress.MockingProgressImpl:reportOngoingStubbing(Lorg/mockito/internal/progress/IOngoingStubbing;)V
1319,0,org.mockito.internal.progress.MockingProgressImpl:pullVerificationMode()Lorg/mockito/verification/VerificationMode;
1321,0,org.mockito.internal.progress.MockingProgressImpl:validateState()V
1322,0,org.mockito.internal.progress.MockingProgressImpl:validateMostStuff()V
1326,0,org.mockito.internal.progress.MockingProgressImpl:getArgumentMatcherStorage()Lorg/mockito/internal/progress/ArgumentMatcherStorage;
1327,0,org.mockito.internal.progress.MockingProgressImpl:mockingStarted(Ljava/lang/Object;Ljava/lang/Class;)V
1342,0,org.mockito.internal.progress.ArgumentMatcherStorageImpl:pullLocalizedMatchers()Ljava/util/List;
1350,0,org.mockito.internal.progress.ArgumentMatcherStorageImpl:validateState()V
1352,0,org.mockito.internal.progress.ThreadSafeMockingProgress:<init>()V
1353,0,org.mockito.internal.progress.ThreadSafeMockingProgress:threadSafely()Lorg/mockito/internal/progress/MockingProgress;
1354,0,org.mockito.internal.progress.ThreadSafeMockingProgress:reportOngoingStubbing(Lorg/mockito/internal/progress/IOngoingStubbing;)V
1357,0,org.mockito.internal.progress.ThreadSafeMockingProgress:pullVerificationMode()Lorg/mockito/verification/VerificationMode;
1359,0,org.mockito.internal.progress.ThreadSafeMockingProgress:validateState()V
1364,0,org.mockito.internal.progress.ThreadSafeMockingProgress:getArgumentMatcherStorage()Lorg/mockito/internal/progress/ArgumentMatcherStorage;
1365,0,org.mockito.internal.progress.ThreadSafeMockingProgress:mockingStarted(Ljava/lang/Object;Ljava/lang/Class;)V
1369,0,org.mockito.internal.progress.SequenceNumber:next()I
1394,0,org.mockito.internal.stubbing.BaseStubbing:<init>()V
1410,0,org.mockito.internal.stubbing.OngoingStubbingImpl:<init>(Lorg/mockito/internal/stubbing/InvocationContainerImpl;)V
1424,0,org.mockito.internal.stubbing.defaultanswers.ReturnsDeepStubs:<init>()V
1425,0,org.mockito.internal.stubbing.defaultanswers.ReturnsDeepStubs:answer(Lorg/mockito/invocation/InvocationOnMock;)Ljava/lang/Object;
1426,1,org.mockito.internal.stubbing.defaultanswers.ReturnsDeepStubs:deepStub(Lorg/mockito/invocation/InvocationOnMock;Lorg/mockito/internal/util/reflection/GenericMetadataSupport;)Ljava/lang/Object;
1427,1,org.mockito.internal.stubbing.defaultanswers.ReturnsDeepStubs:newDeepStubMock(Lorg/mockito/internal/util/reflection/GenericMetadataSupport;)Ljava/lang/Object;
1428,1,org.mockito.internal.stubbing.defaultanswers.ReturnsDeepStubs:withSettingsUsing(Lorg/mockito/internal/util/reflection/GenericMetadataSupport;)Lorg/mockito/MockSettings;
1429,0,org.mockito.internal.stubbing.defaultanswers.ReturnsDeepStubs:returnsDeepStubsAnswerUsing(Lorg/mockito/internal/util/reflection/GenericMetadataSupport;)Lorg/mockito/internal/stubbing/defaultanswers/ReturnsDeepStubs;
1431,0,org.mockito.internal.stubbing.defaultanswers.ReturnsDeepStubs:actualParameterizedType(Ljava/lang/Object;)Lorg/mockito/internal/util/reflection/GenericMetadataSupport;
1432,0,org.mockito.internal.stubbing.defaultanswers.ReturnsDeepStubs:mockitoCore()Lorg/mockito/internal/MockitoCore;
1434,0,org.mockito.internal.stubbing.defaultanswers.ReturnsDeepStubs$ReturnsDeepStubsSerializationFallback:<init>(Lorg/mockito/internal/util/reflection/GenericMetadataSupport;)V
1462,0,org.mockito.internal.stubbing.defaultanswers.ReturnsDeepStubs$LazyHolder:access$000()Lorg/mockito/internal/MockitoCore;
1465,0,org.mockito.internal.stubbing.InvocationContainerImpl:<init>(Lorg/mockito/internal/progress/MockingProgress;Lorg/mockito/mock/MockCreationSettings;)V
1466,0,org.mockito.internal.stubbing.InvocationContainerImpl:setInvocationForPotentialStubbing(Lorg/mockito/internal/invocation/InvocationMatcher;)V
1472,0,org.mockito.internal.stubbing.InvocationContainerImpl:findAnswerFor(Lorg/mockito/invocation/Invocation;)Lorg/mockito/internal/stubbing/StubbedInvocationMatcher;
1475,0,org.mockito.internal.stubbing.InvocationContainerImpl:hasAnswersForStubbing()Z
1480,0,org.mockito.internal.stubbing.InvocationContainerImpl:getStubbedInvocations()Ljava/util/List;
1483,0,org.mockito.internal.stubbing.InvocationContainerImpl:createRegisteredInvocations(Lorg/mockito/mock/MockCreationSettings;)Lorg/mockito/internal/verification/RegisteredInvocations;
