517,0,com.google.javascript.jscomp.PrepareAst$PrepareAnnotations:<init>(Lcom/google/javascript/jscomp/AbstractCompiler;)V
518,0,com.google.javascript.jscomp.PrepareAst$PrepareAnnotations:shouldTraverse(Lcom/google/javascript/jscomp/NodeTraversal;Lcom/google/javascript/rhino/Node;Lcom/google/javascript/rhino/Node;)Z
519,0,com.google.javascript.jscomp.PrepareAst$PrepareAnnotations:visit(Lcom/google/javascript/jscomp/NodeTraversal;Lcom/google/javascript/rhino/Node;Lcom/google/javascript/rhino/Node;)V
521,0,com.google.javascript.jscomp.PrepareAst$PrepareAnnotations:annotateCalls(Lcom/google/javascript/rhino/Node;)V
616,0,com.google.javascript.jscomp.parsing.IRFactory$TransformDispatcher:transformAsString(Lcom/google/javascript/jscomp/mozilla/rhino/ast/AstNode;)Lcom/google/javascript/rhino/Node;
617,0,com.google.javascript.jscomp.parsing.IRFactory$TransformDispatcher:processArrayLiteral(Lcom/google/javascript/jscomp/mozilla/rhino/ast/ArrayLiteral;)Lcom/google/javascript/rhino/Node;
618,0,com.google.javascript.jscomp.parsing.IRFactory$TransformDispatcher:processAssignment(Lcom/google/javascript/jscomp/mozilla/rhino/ast/Assignment;)Lcom/google/javascript/rhino/Node;
619,0,com.google.javascript.jscomp.parsing.IRFactory$TransformDispatcher:processAstRoot(Lcom/google/javascript/jscomp/mozilla/rhino/ast/AstRoot;)Lcom/google/javascript/rhino/Node;
620,0,com.google.javascript.jscomp.parsing.IRFactory$TransformDispatcher:parseDirectives(Lcom/google/javascript/rhino/Node;)V
621,0,com.google.javascript.jscomp.parsing.IRFactory$TransformDispatcher:isDirective(Lcom/google/javascript/rhino/Node;)Z
630,0,com.google.javascript.jscomp.parsing.IRFactory$TransformDispatcher:processExpressionStatement(Lcom/google/javascript/jscomp/mozilla/rhino/ast/ExpressionStatement;)Lcom/google/javascript/rhino/Node;
633,0,com.google.javascript.jscomp.parsing.IRFactory$TransformDispatcher:processFunctionCall(Lcom/google/javascript/jscomp/mozilla/rhino/ast/FunctionCall;)Lcom/google/javascript/rhino/Node;
636,0,com.google.javascript.jscomp.parsing.IRFactory$TransformDispatcher:processInfixExpression(Lcom/google/javascript/jscomp/mozilla/rhino/ast/InfixExpression;)Lcom/google/javascript/rhino/Node;
640,0,com.google.javascript.jscomp.parsing.IRFactory$TransformDispatcher:processName(Lcom/google/javascript/jscomp/mozilla/rhino/ast/Name;)Lcom/google/javascript/rhino/Node;
641,0,com.google.javascript.jscomp.parsing.IRFactory$TransformDispatcher:processName(Lcom/google/javascript/jscomp/mozilla/rhino/ast/Name;Z)Lcom/google/javascript/rhino/Node;
642,0,com.google.javascript.jscomp.parsing.IRFactory$TransformDispatcher:isReservedKeyword(Ljava/lang/String;)Z
644,0,com.google.javascript.jscomp.parsing.IRFactory$TransformDispatcher:processNumberLiteral(Lcom/google/javascript/jscomp/mozilla/rhino/ast/NumberLiteral;)Lcom/google/javascript/rhino/Node;
649,0,com.google.javascript.jscomp.parsing.IRFactory$TransformDispatcher:processPropertyGet(Lcom/google/javascript/jscomp/mozilla/rhino/ast/PropertyGet;)Lcom/google/javascript/rhino/Node;
653,0,com.google.javascript.jscomp.parsing.IRFactory$TransformDispatcher:processStringLiteral(Lcom/google/javascript/jscomp/mozilla/rhino/ast/StringLiteral;)Lcom/google/javascript/rhino/Node;
659,0,com.google.javascript.jscomp.parsing.IRFactory$TransformDispatcher:validAssignmentTarget(Lcom/google/javascript/rhino/Node;)Z
712,0,com.google.javascript.jscomp.parsing.IRFactory$TransformDispatcher:<init>(Lcom/google/javascript/jscomp/parsing/IRFactory;Lcom/google/javascript/jscomp/parsing/IRFactory$1;)V
798,0,com.google.javascript.jscomp.parsing.TypeSafeDispatcher:<init>()V
799,0,com.google.javascript.jscomp.parsing.TypeSafeDispatcher:process(Lcom/google/javascript/jscomp/mozilla/rhino/ast/AstNode;)Ljava/lang/Object;
807,0,com.google.javascript.jscomp.parsing.Config:<init>(Ljava/util/Set;Ljava/util/Set;ZLcom/google/javascript/jscomp/parsing/Config$LanguageMode;Z)V
808,0,com.google.javascript.jscomp.parsing.Config:buildAnnotationNames(Ljava/util/Set;)Ljava/util/Map;
819,0,com.google.javascript.jscomp.parsing.ParserRunner:createConfig(ZLcom/google/javascript/jscomp/parsing/Config$LanguageMode;ZLjava/util/Set;)Lcom/google/javascript/jscomp/parsing/Config;
820,0,com.google.javascript.jscomp.parsing.ParserRunner:initResourceConfig()V
822,0,com.google.javascript.jscomp.parsing.ParserRunner:parse(Lcom/google/javascript/rhino/jstype/StaticSourceFile;Ljava/lang/String;Lcom/google/javascript/jscomp/parsing/Config;Lcom/google/javascript/jscomp/mozilla/rhino/ErrorReporter;Ljava/util/logging/Logger;)Lcom/google/javascript/rhino/Node;
848,0,com.google.javascript.jscomp.parsing.IRFactory:<init>(Ljava/lang/String;Lcom/google/javascript/rhino/jstype/StaticSourceFile;Lcom/google/javascript/jscomp/parsing/Config;Lcom/google/javascript/jscomp/mozilla/rhino/ErrorReporter;)V
849,0,com.google.javascript.jscomp.parsing.IRFactory:createTemplateNode()Lcom/google/javascript/rhino/Node;
850,0,com.google.javascript.jscomp.parsing.IRFactory:transformTree(Lcom/google/javascript/jscomp/mozilla/rhino/ast/AstRoot;Lcom/google/javascript/rhino/jstype/StaticSourceFile;Ljava/lang/String;Lcom/google/javascript/jscomp/parsing/Config;Lcom/google/javascript/jscomp/mozilla/rhino/ErrorReporter;)Lcom/google/javascript/rhino/Node;
851,0,com.google.javascript.jscomp.parsing.IRFactory:setFileOverviewJsDoc(Lcom/google/javascript/rhino/Node;)V
856,0,com.google.javascript.jscomp.parsing.IRFactory:handleJsDoc(Lcom/google/javascript/jscomp/mozilla/rhino/ast/AstNode;Lcom/google/javascript/rhino/Node;)Lcom/google/javascript/rhino/JSDocInfo;
857,0,com.google.javascript.jscomp.parsing.IRFactory:transform(Lcom/google/javascript/jscomp/mozilla/rhino/ast/AstNode;)Lcom/google/javascript/rhino/Node;
858,0,com.google.javascript.jscomp.parsing.IRFactory:transformNameAsString(Lcom/google/javascript/jscomp/mozilla/rhino/ast/Name;)Lcom/google/javascript/rhino/Node;
861,0,com.google.javascript.jscomp.parsing.IRFactory:setSourceInfo(Lcom/google/javascript/rhino/Node;Lcom/google/javascript/jscomp/mozilla/rhino/ast/AstNode;)V
863,0,com.google.javascript.jscomp.parsing.IRFactory:maybeSetLengthFrom(Lcom/google/javascript/rhino/Node;Lcom/google/javascript/jscomp/mozilla/rhino/ast/AstNode;)V
864,0,com.google.javascript.jscomp.parsing.IRFactory:position2charno(I)I
865,0,com.google.javascript.jscomp.parsing.IRFactory:justTransform(Lcom/google/javascript/jscomp/mozilla/rhino/ast/AstNode;)Lcom/google/javascript/rhino/Node;
866,0,com.google.javascript.jscomp.parsing.IRFactory:transformTokenType(I)I
867,0,com.google.javascript.jscomp.parsing.IRFactory:newNode(I)Lcom/google/javascript/rhino/Node;
868,0,com.google.javascript.jscomp.parsing.IRFactory:newNode(ILcom/google/javascript/rhino/Node;)Lcom/google/javascript/rhino/Node;
869,0,com.google.javascript.jscomp.parsing.IRFactory:newNode(ILcom/google/javascript/rhino/Node;Lcom/google/javascript/rhino/Node;)Lcom/google/javascript/rhino/Node;
871,0,com.google.javascript.jscomp.parsing.IRFactory:newStringNode(Ljava/lang/String;)Lcom/google/javascript/rhino/Node;
872,0,com.google.javascript.jscomp.parsing.IRFactory:newStringNode(ILjava/lang/String;)Lcom/google/javascript/rhino/Node;
873,0,com.google.javascript.jscomp.parsing.IRFactory:newNumberNode(Ljava/lang/Double;)Lcom/google/javascript/rhino/Node;
874,0,com.google.javascript.jscomp.parsing.IRFactory:access$100(I)I
875,0,com.google.javascript.jscomp.parsing.IRFactory:access$200(Lcom/google/javascript/jscomp/parsing/IRFactory;I)Lcom/google/javascript/rhino/Node;
876,0,com.google.javascript.jscomp.parsing.IRFactory:access$300(Lcom/google/javascript/jscomp/parsing/IRFactory;Lcom/google/javascript/jscomp/mozilla/rhino/ast/AstNode;)Lcom/google/javascript/rhino/Node;
877,0,com.google.javascript.jscomp.parsing.IRFactory:access$400(Lcom/google/javascript/jscomp/parsing/IRFactory;Lcom/google/javascript/jscomp/mozilla/rhino/ast/Name;)Lcom/google/javascript/rhino/Node;
882,0,com.google.javascript.jscomp.parsing.IRFactory:access$900(Lcom/google/javascript/jscomp/parsing/IRFactory;ILcom/google/javascript/rhino/Node;)Lcom/google/javascript/rhino/Node;
885,0,com.google.javascript.jscomp.parsing.IRFactory:access$1200(Lcom/google/javascript/jscomp/parsing/IRFactory;ILcom/google/javascript/rhino/Node;Lcom/google/javascript/rhino/Node;)Lcom/google/javascript/rhino/Node;
886,0,com.google.javascript.jscomp.parsing.IRFactory:access$1300(Lcom/google/javascript/jscomp/parsing/IRFactory;I)I
887,0,com.google.javascript.jscomp.parsing.IRFactory:access$1400(Lcom/google/javascript/jscomp/parsing/IRFactory;Lcom/google/javascript/rhino/Node;Lcom/google/javascript/jscomp/mozilla/rhino/ast/AstNode;)V
888,0,com.google.javascript.jscomp.parsing.IRFactory:access$1500(Lcom/google/javascript/jscomp/parsing/IRFactory;ILjava/lang/String;)Lcom/google/javascript/rhino/Node;
889,0,com.google.javascript.jscomp.parsing.IRFactory:access$1600(Lcom/google/javascript/jscomp/parsing/IRFactory;)Ljava/util/Set;
890,0,com.google.javascript.jscomp.parsing.IRFactory:access$1700(Lcom/google/javascript/jscomp/parsing/IRFactory;Ljava/lang/Double;)Lcom/google/javascript/rhino/Node;
892,0,com.google.javascript.jscomp.parsing.IRFactory:access$1900(Lcom/google/javascript/jscomp/parsing/IRFactory;Ljava/lang/String;)Lcom/google/javascript/rhino/Node;
951,0,com.google.javascript.jscomp.AbstractMessageFormatter:<init>(Lcom/google/javascript/jscomp/SourceExcerptProvider;)V
952,0,com.google.javascript.jscomp.AbstractMessageFormatter:setColorize(Z)V
991,0,com.google.javascript.jscomp.ClosureCodingConvention:<init>()V
992,0,com.google.javascript.jscomp.ClosureCodingConvention:<init>(Lcom/google/javascript/jscomp/CodingConvention;)V
1022,0,com.google.javascript.jscomp.PrepareAst:<init>(Lcom/google/javascript/jscomp/AbstractCompiler;)V
1023,0,com.google.javascript.jscomp.PrepareAst:<init>(Lcom/google/javascript/jscomp/AbstractCompiler;Z)V
1025,0,com.google.javascript.jscomp.PrepareAst:process(Lcom/google/javascript/rhino/Node;Lcom/google/javascript/rhino/Node;)V
1114,0,com.google.javascript.jscomp.CodingConventions$DefaultCodingConvention:<init>(Lcom/google/javascript/jscomp/CodingConventions$1;)V
1213,0,com.google.javascript.jscomp.Compiler$3:<init>(Lcom/google/javascript/jscomp/Compiler;Ljava/lang/String;Z)V
1278,0,com.google.javascript.jscomp.AbstractCompiler:<init>()V
1449,0,com.google.javascript.jscomp.Compiler:<init>()V
1450,0,com.google.javascript.jscomp.Compiler:<init>(Ljava/io/PrintStream;)V
1452,0,com.google.javascript.jscomp.Compiler:setErrorManager(Lcom/google/javascript/jscomp/ErrorManager;)V
1453,0,com.google.javascript.jscomp.Compiler:createMessageFormatter()Lcom/google/javascript/jscomp/MessageFormatter;
1454,0,com.google.javascript.jscomp.Compiler:initOptions(Lcom/google/javascript/jscomp/CompilerOptions;)V
1455,0,com.google.javascript.jscomp.Compiler:init([Lcom/google/javascript/jscomp/JSSourceFile;[Lcom/google/javascript/jscomp/JSSourceFile;Lcom/google/javascript/jscomp/CompilerOptions;)V
1456,0,com.google.javascript.jscomp.Compiler:init(Ljava/util/List;Ljava/util/List;Lcom/google/javascript/jscomp/CompilerOptions;)V
1458,0,com.google.javascript.jscomp.Compiler:initModules(Ljava/util/List;Ljava/util/List;Lcom/google/javascript/jscomp/CompilerOptions;)V
1459,0,com.google.javascript.jscomp.Compiler:initBasedOnOptions()V
1460,0,com.google.javascript.jscomp.Compiler:makeCompilerInput(Ljava/util/List;Z)Ljava/util/List;
1461,0,com.google.javascript.jscomp.Compiler:checkFirstModule(Ljava/util/List;)V
1462,0,com.google.javascript.jscomp.Compiler:fillEmptyModules(Ljava/util/List;)V
1464,0,com.google.javascript.jscomp.Compiler:getAllInputsFromModules(Ljava/util/List;)Ljava/util/List;
1465,0,com.google.javascript.jscomp.Compiler:initInputsByIdMap()V
1494,0,com.google.javascript.jscomp.Compiler:newTracer(Ljava/lang/String;)Lcom/google/javascript/jscomp/Tracer;
1495,0,com.google.javascript.jscomp.Compiler:stopTracer(Lcom/google/javascript/jscomp/Tracer;Ljava/lang/String;)V
1498,0,com.google.javascript.jscomp.Compiler:getErrors()[Lcom/google/javascript/jscomp/JSError;
1499,0,com.google.javascript.jscomp.Compiler:getWarnings()[Lcom/google/javascript/jscomp/JSError;
1511,0,com.google.javascript.jscomp.Compiler:getTypeRegistry()Lcom/google/javascript/rhino/jstype/JSTypeRegistry;
1518,0,com.google.javascript.jscomp.Compiler:parseInputs()Lcom/google/javascript/rhino/Node;
1521,0,com.google.javascript.jscomp.Compiler:initCompilerOptionsIfTesting()V
1524,0,com.google.javascript.jscomp.Compiler:getDefaultErrorReporter()Lcom/google/javascript/jscomp/mozilla/rhino/ErrorReporter;
1530,0,com.google.javascript.jscomp.Compiler:toSource(Lcom/google/javascript/rhino/Node;)Ljava/lang/String;
1531,0,com.google.javascript.jscomp.Compiler:toSource(Lcom/google/javascript/rhino/Node;Lcom/google/javascript/jscomp/SourceMap;Z)Ljava/lang/String;
1539,0,com.google.javascript.jscomp.Compiler:prepareAst(Lcom/google/javascript/rhino/Node;)V
1541,0,com.google.javascript.jscomp.Compiler:addChangeHandler(Lcom/google/javascript/jscomp/CodeChangeHandler;)V
1543,0,com.google.javascript.jscomp.Compiler:reportCodeChange()V
1544,0,com.google.javascript.jscomp.Compiler:getCodingConvention()Lcom/google/javascript/jscomp/CodingConvention;
1545,0,com.google.javascript.jscomp.Compiler:isIdeMode()Z
1548,0,com.google.javascript.jscomp.Compiler:acceptConstKeyword()Z
1549,0,com.google.javascript.jscomp.Compiler:getParserConfig()Lcom/google/javascript/jscomp/parsing/Config;
1551,0,com.google.javascript.jscomp.Compiler:getDiagnosticGroups()Lcom/google/javascript/jscomp/DiagnosticGroups;
1555,0,com.google.javascript.jscomp.Compiler:getErrorCount()I
1557,0,com.google.javascript.jscomp.Compiler:hasHaltingErrors()Z
1558,0,com.google.javascript.jscomp.Compiler:hasErrors()Z
1733,0,com.google.javascript.jscomp.PassFactory:<init>(Ljava/lang/String;Z)V
1773,0,com.google.javascript.jscomp.AbstractPeepholeOptimization:<init>()V
1775,0,com.google.javascript.jscomp.AbstractPeepholeOptimization:reportCodeChange()V
1778,0,com.google.javascript.jscomp.AbstractPeepholeOptimization:beginTraversal(Lcom/google/javascript/jscomp/NodeTraversal;)V
1779,0,com.google.javascript.jscomp.AbstractPeepholeOptimization:endTraversal(Lcom/google/javascript/jscomp/NodeTraversal;)V
1873,0,com.google.javascript.jscomp.ErrorFormat$2:toFormatter(Lcom/google/javascript/jscomp/SourceExcerptProvider;Z)Lcom/google/javascript/jscomp/MessageFormatter;
1994,0,com.google.javascript.jscomp.CheckLevel:isOn()Z
2009,0,com.google.javascript.jscomp.CodeConsumer:<init>()V
2010,0,com.google.javascript.jscomp.CodeConsumer:startSourceMapping(Lcom/google/javascript/rhino/Node;)V
2011,0,com.google.javascript.jscomp.CodeConsumer:endSourceMapping(Lcom/google/javascript/rhino/Node;)V
2012,0,com.google.javascript.jscomp.CodeConsumer:continueProcessing()Z
2013,0,com.google.javascript.jscomp.CodeConsumer:addIdentifier(Ljava/lang/String;)V
2017,0,com.google.javascript.jscomp.CodeConsumer:maybeLineBreak()V
2018,0,com.google.javascript.jscomp.CodeConsumer:maybeCutLine()V
2024,0,com.google.javascript.jscomp.CodeConsumer:listSeparator()V
2025,0,com.google.javascript.jscomp.CodeConsumer:endStatement()V
2026,0,com.google.javascript.jscomp.CodeConsumer:endStatement(Z)V
2027,0,com.google.javascript.jscomp.CodeConsumer:maybeEndStatement()V
2032,0,com.google.javascript.jscomp.CodeConsumer:add(Ljava/lang/String;)V
2033,0,com.google.javascript.jscomp.CodeConsumer:appendOp(Ljava/lang/String;Z)V
2034,0,com.google.javascript.jscomp.CodeConsumer:addOp(Ljava/lang/String;Z)V
2035,0,com.google.javascript.jscomp.CodeConsumer:addNumber(D)V
2036,0,com.google.javascript.jscomp.CodeConsumer:isNegativeZero(D)Z
2037,0,com.google.javascript.jscomp.CodeConsumer:isWordChar(C)Z
2040,0,com.google.javascript.jscomp.CodeConsumer:endFile()V
2066,0,com.google.javascript.jscomp.SyntacticScopeCreator$DefaultRedeclarationHandler:<init>(Lcom/google/javascript/jscomp/SyntacticScopeCreator;Lcom/google/javascript/jscomp/SyntacticScopeCreator$1;)V
2100,0,com.google.javascript.jscomp.AstValidator$1:<init>(Lcom/google/javascript/jscomp/AstValidator;)V
2318,0,com.google.javascript.jscomp.CompilerOptions:<init>()V
2331,0,com.google.javascript.jscomp.CompilerOptions:enables(Lcom/google/javascript/jscomp/DiagnosticGroup;)Z
2333,0,com.google.javascript.jscomp.CompilerOptions:setWarningLevel(Lcom/google/javascript/jscomp/DiagnosticGroup;Lcom/google/javascript/jscomp/CheckLevel;)V
2334,0,com.google.javascript.jscomp.CompilerOptions:getWarningsGuard()Lcom/google/javascript/jscomp/WarningsGuard;
2337,0,com.google.javascript.jscomp.CompilerOptions:addWarningsGuard(Lcom/google/javascript/jscomp/WarningsGuard;)V
2355,0,com.google.javascript.jscomp.CompilerOptions:shouldColorizeErrorOutput()Z
2361,0,com.google.javascript.jscomp.CompilerOptions:setCodingConvention(Lcom/google/javascript/jscomp/CodingConvention;)V
2362,0,com.google.javascript.jscomp.CompilerOptions:getCodingConvention()Lcom/google/javascript/jscomp/CodingConvention;
2372,0,com.google.javascript.jscomp.CompilerOptions:setLanguageIn(Lcom/google/javascript/jscomp/CompilerOptions$LanguageMode;)V
2373,0,com.google.javascript.jscomp.CompilerOptions:getLanguageIn()Lcom/google/javascript/jscomp/CompilerOptions$LanguageMode;
2374,0,com.google.javascript.jscomp.CompilerOptions:getLanguageOut()Lcom/google/javascript/jscomp/CompilerOptions$LanguageMode;
2401,0,com.google.javascript.jscomp.JSSourceFile:fromCode(Ljava/lang/String;Ljava/lang/String;)Lcom/google/javascript/jscomp/JSSourceFile;
2404,0,com.google.javascript.jscomp.JSSourceFile:<init>(Lcom/google/javascript/jscomp/SourceFile;)V
2405,0,com.google.javascript.jscomp.JSSourceFile:getCode()Ljava/lang/String;
2504,0,com.google.javascript.jscomp.CodeChangeHandler$RecentChange:<init>()V
2505,0,com.google.javascript.jscomp.CodeChangeHandler$RecentChange:reportChange()V
2506,0,com.google.javascript.jscomp.CodeChangeHandler$RecentChange:hasCodeChanged()Z
2507,0,com.google.javascript.jscomp.CodeChangeHandler$RecentChange:reset()V
2644,0,com.google.javascript.jscomp.LoggerErrorManager:<init>(Lcom/google/javascript/jscomp/MessageFormatter;Ljava/util/logging/Logger;)V
2920,0,com.google.javascript.jscomp.SuppressDocWarningsGuard:<init>(Ljava/util/Map;)V
2922,0,com.google.javascript.jscomp.SuppressDocWarningsGuard:getPriority()I
3114,0,com.google.javascript.jscomp.ComposeWarningsGuard:<init>(Ljava/util/List;)V
3115,0,com.google.javascript.jscomp.ComposeWarningsGuard:<init>([Lcom/google/javascript/jscomp/WarningsGuard;)V
3116,0,com.google.javascript.jscomp.ComposeWarningsGuard:addGuard(Lcom/google/javascript/jscomp/WarningsGuard;)V
3117,0,com.google.javascript.jscomp.ComposeWarningsGuard:addGuards(Ljava/lang/Iterable;)V
3120,0,com.google.javascript.jscomp.ComposeWarningsGuard:enables(Lcom/google/javascript/jscomp/DiagnosticGroup;)Z
3146,0,com.google.javascript.jscomp.InlineCostEstimator:getCost(Lcom/google/javascript/rhino/Node;)I
3147,0,com.google.javascript.jscomp.InlineCostEstimator:getCost(Lcom/google/javascript/rhino/Node;I)I
3500,0,com.google.javascript.jscomp.DiagnosticGroup:matches(Lcom/google/javascript/jscomp/DiagnosticType;)Z
3502,0,com.google.javascript.jscomp.DiagnosticGroup:getTypes()Ljava/util/Collection;
3577,0,com.google.javascript.jscomp.DiagnosticGroups:<init>()V
3581,0,com.google.javascript.jscomp.DiagnosticGroups:getRegisteredGroups()Ljava/util/Map;
3634,0,com.google.javascript.jscomp.SyntacticScopeCreator:<init>(Lcom/google/javascript/jscomp/AbstractCompiler;)V
3658,0,com.google.javascript.jscomp.ComposeWarningsGuard$GuardComparator:<init>(Ljava/util/Map;)V
3659,0,com.google.javascript.jscomp.ComposeWarningsGuard$GuardComparator:compare(Lcom/google/javascript/jscomp/WarningsGuard;Lcom/google/javascript/jscomp/WarningsGuard;)I
3661,0,com.google.javascript.jscomp.ComposeWarningsGuard$GuardComparator:<init>(Ljava/util/Map;Lcom/google/javascript/jscomp/ComposeWarningsGuard$1;)V
3712,0,com.google.javascript.jscomp.CodePrinter:toSource(Lcom/google/javascript/rhino/Node;Lcom/google/javascript/jscomp/CodePrinter$Format;ZILcom/google/javascript/jscomp/SourceMap;Lcom/google/javascript/jscomp/SourceMap$DetailLevel;Ljava/nio/charset/Charset;Z)Ljava/lang/String;
3713,0,com.google.javascript.jscomp.CodePrinter:access$100(Lcom/google/javascript/rhino/Node;Lcom/google/javascript/jscomp/CodePrinter$Format;ZILcom/google/javascript/jscomp/SourceMap;Lcom/google/javascript/jscomp/SourceMap$DetailLevel;Ljava/nio/charset/Charset;Z)Ljava/lang/String;
4050,0,com.google.javascript.jscomp.BasicErrorManager:<init>()V
4053,0,com.google.javascript.jscomp.BasicErrorManager:getErrorCount()I
4054,0,com.google.javascript.jscomp.BasicErrorManager:getWarningCount()I
4055,0,com.google.javascript.jscomp.BasicErrorManager:getErrors()[Lcom/google/javascript/jscomp/JSError;
4056,0,com.google.javascript.jscomp.BasicErrorManager:getWarnings()[Lcom/google/javascript/jscomp/JSError;
4059,0,com.google.javascript.jscomp.BasicErrorManager:toArray(Lcom/google/javascript/jscomp/CheckLevel;)[Lcom/google/javascript/jscomp/JSError;
4070,0,com.google.javascript.jscomp.LightweightMessageFormatter:<init>(Lcom/google/javascript/jscomp/SourceExcerptProvider;)V
4071,0,com.google.javascript.jscomp.LightweightMessageFormatter:<init>(Lcom/google/javascript/jscomp/SourceExcerptProvider;Lcom/google/javascript/jscomp/SourceExcerptProvider$SourceExcerpt;)V
4117,0,com.google.javascript.jscomp.AstValidator:<init>()V
4119,0,com.google.javascript.jscomp.AstValidator:validateRoot(Lcom/google/javascript/rhino/Node;)V
4120,0,com.google.javascript.jscomp.AstValidator:validateCodeRoot(Lcom/google/javascript/rhino/Node;)V
4121,0,com.google.javascript.jscomp.AstValidator:validateScript(Lcom/google/javascript/rhino/Node;)V
4122,0,com.google.javascript.jscomp.AstValidator:validateStatement(Lcom/google/javascript/rhino/Node;)V
4123,0,com.google.javascript.jscomp.AstValidator:validateExpression(Lcom/google/javascript/rhino/Node;)V
4126,0,com.google.javascript.jscomp.AstValidator:validateIsSynthetic(Lcom/google/javascript/rhino/Node;)V
4127,0,com.google.javascript.jscomp.AstValidator:validateHasSourceName(Lcom/google/javascript/rhino/Node;)V
4128,0,com.google.javascript.jscomp.AstValidator:validateHasInputId(Lcom/google/javascript/rhino/Node;)V
4131,0,com.google.javascript.jscomp.AstValidator:validateNonEmptyString(Lcom/google/javascript/rhino/Node;)V
4132,0,com.google.javascript.jscomp.AstValidator:validateNonNullString(Lcom/google/javascript/rhino/Node;)V
4133,0,com.google.javascript.jscomp.AstValidator:validateName(Lcom/google/javascript/rhino/Node;)V
4138,0,com.google.javascript.jscomp.AstValidator:validateCall(Lcom/google/javascript/rhino/Node;)V
4148,0,com.google.javascript.jscomp.AstValidator:validateExprStmt(Lcom/google/javascript/rhino/Node;)V
4159,0,com.google.javascript.jscomp.AstValidator:validateOptionalExpression(Lcom/google/javascript/rhino/Node;)V
4161,0,com.google.javascript.jscomp.AstValidator:validateAssignmentExpression(Lcom/google/javascript/rhino/Node;)V
4162,0,com.google.javascript.jscomp.AstValidator:validateAssignmentTarget(Lcom/google/javascript/rhino/Node;)V
4163,0,com.google.javascript.jscomp.AstValidator:validateGetProp(Lcom/google/javascript/rhino/Node;)V
4165,0,com.google.javascript.jscomp.AstValidator:validateString(Lcom/google/javascript/rhino/Node;)V
4166,0,com.google.javascript.jscomp.AstValidator:validateNumber(Lcom/google/javascript/rhino/Node;)V
4167,0,com.google.javascript.jscomp.AstValidator:validateArrayLit(Lcom/google/javascript/rhino/Node;)V
4178,0,com.google.javascript.jscomp.AstValidator:validateNodeType(ILcom/google/javascript/rhino/Node;)V
4179,0,com.google.javascript.jscomp.AstValidator:validateChildCount(Lcom/google/javascript/rhino/Node;I)V
4180,0,com.google.javascript.jscomp.AstValidator:validateMinimumChildCount(Lcom/google/javascript/rhino/Node;I)V
4205,0,com.google.javascript.jscomp.DiagnosticType:equals(Ljava/lang/Object;)Z
4285,0,com.google.javascript.jscomp.PeepholeOptimizationsPass:<init>(Lcom/google/javascript/jscomp/AbstractCompiler;[Lcom/google/javascript/jscomp/AbstractPeepholeOptimization;)V
4287,0,com.google.javascript.jscomp.PeepholeOptimizationsPass:process(Lcom/google/javascript/rhino/Node;Lcom/google/javascript/rhino/Node;)V
4288,0,com.google.javascript.jscomp.PeepholeOptimizationsPass:visit(Lcom/google/javascript/jscomp/NodeTraversal;Lcom/google/javascript/rhino/Node;Lcom/google/javascript/rhino/Node;)V
4289,0,com.google.javascript.jscomp.PeepholeOptimizationsPass:beginTraversal(Lcom/google/javascript/jscomp/NodeTraversal;)V
4290,0,com.google.javascript.jscomp.PeepholeOptimizationsPass:endTraversal(Lcom/google/javascript/jscomp/NodeTraversal;)V
4291,0,com.google.javascript.jscomp.SourceFile$Preloaded:<init>(Ljava/lang/String;Ljava/lang/String;)V
4292,0,com.google.javascript.jscomp.SourceFile$Preloaded:<init>(Ljava/lang/String;Ljava/lang/String;Ljava/lang/String;)V
4315,0,com.google.javascript.jscomp.JsAst:<init>(Lcom/google/javascript/jscomp/SourceFile;)V
4316,0,com.google.javascript.jscomp.JsAst:getAstRoot(Lcom/google/javascript/jscomp/AbstractCompiler;)Lcom/google/javascript/rhino/Node;
4318,0,com.google.javascript.jscomp.JsAst:getInputId()Lcom/google/javascript/rhino/InputId;
4319,0,com.google.javascript.jscomp.JsAst:getSourceFile()Lcom/google/javascript/jscomp/SourceFile;
4321,0,com.google.javascript.jscomp.JsAst:parse(Lcom/google/javascript/jscomp/AbstractCompiler;)V
4351,0,com.google.javascript.jscomp.CompilerOptions$TracerMode:isOn()Z
4402,0,com.google.javascript.jscomp.Tracer:<init>(Ljava/lang/String;Ljava/lang/String;)V
4410,0,com.google.javascript.jscomp.Tracer:stop(I)J
4411,0,com.google.javascript.jscomp.Tracer:stop()J
4427,0,com.google.javascript.jscomp.Tracer:getThreadTrace()Lcom/google/javascript/jscomp/Tracer$ThreadTrace;
4474,0,com.google.javascript.jscomp.NodeUtil:getStringValue(Lcom/google/javascript/rhino/Node;)Ljava/lang/String;
4476,0,com.google.javascript.jscomp.NodeUtil:getArrayElementStringValue(Lcom/google/javascript/rhino/Node;)Ljava/lang/String;
4484,0,com.google.javascript.jscomp.NodeUtil:isImmutableValue(Lcom/google/javascript/rhino/Node;)Z
4509,0,com.google.javascript.jscomp.NodeUtil:precedence(I)I
4515,0,com.google.javascript.jscomp.NodeUtil:isUndefined(Lcom/google/javascript/rhino/Node;)Z
4516,0,com.google.javascript.jscomp.NodeUtil:isNull(Lcom/google/javascript/rhino/Node;)Z
4517,0,com.google.javascript.jscomp.NodeUtil:isNullOrUndefined(Lcom/google/javascript/rhino/Node;)Z
4523,0,com.google.javascript.jscomp.NodeUtil:isAssignmentOp(Lcom/google/javascript/rhino/Node;)Z
4528,0,com.google.javascript.jscomp.NodeUtil:isGet(Lcom/google/javascript/rhino/Node;)Z
4529,0,com.google.javascript.jscomp.NodeUtil:isGetProp(Lcom/google/javascript/rhino/Node;)Z
4557,0,com.google.javascript.jscomp.NodeUtil:isCall(Lcom/google/javascript/rhino/Node;)Z
4580,0,com.google.javascript.jscomp.NodeUtil:opToStr(I)Ljava/lang/String;
4595,0,com.google.javascript.jscomp.NodeUtil:isLatin(Ljava/lang/String;)Z
4624,0,com.google.javascript.jscomp.NodeUtil:getInputId(Lcom/google/javascript/rhino/Node;)Lcom/google/javascript/rhino/InputId;
4672,0,com.google.javascript.jscomp.RhinoErrorReporter:replacePlaceHolders(Ljava/lang/String;)Ljava/util/regex/Pattern;
4673,0,com.google.javascript.jscomp.RhinoErrorReporter:<init>(Lcom/google/javascript/jscomp/AbstractCompiler;)V
4674,0,com.google.javascript.jscomp.RhinoErrorReporter:forNewRhino(Lcom/google/javascript/jscomp/AbstractCompiler;)Lcom/google/javascript/jscomp/mozilla/rhino/ErrorReporter;
4675,0,com.google.javascript.jscomp.RhinoErrorReporter:forOldRhino(Lcom/google/javascript/jscomp/AbstractCompiler;)Lcom/google/javascript/rhino/ErrorReporter;
4679,0,com.google.javascript.jscomp.RhinoErrorReporter:<init>(Lcom/google/javascript/jscomp/AbstractCompiler;Lcom/google/javascript/jscomp/RhinoErrorReporter$1;)V
4681,0,com.google.javascript.jscomp.BasicErrorManager$LeveledJSErrorComparator:<init>()V
5096,0,com.google.javascript.jscomp.InlineCostEstimator$CompiledSizeEstimator:<init>(I)V
5097,0,com.google.javascript.jscomp.InlineCostEstimator$CompiledSizeEstimator:add(Lcom/google/javascript/rhino/Node;)V
5098,0,com.google.javascript.jscomp.InlineCostEstimator$CompiledSizeEstimator:getCost()I
5099,0,com.google.javascript.jscomp.InlineCostEstimator$CompiledSizeEstimator:continueProcessing()Z
5100,0,com.google.javascript.jscomp.InlineCostEstimator$CompiledSizeEstimator:getLastChar()C
5101,0,com.google.javascript.jscomp.InlineCostEstimator$CompiledSizeEstimator:append(Ljava/lang/String;)V
5102,0,com.google.javascript.jscomp.InlineCostEstimator$CompiledSizeEstimator:addIdentifier(Ljava/lang/String;)V
5158,0,com.google.javascript.jscomp.CodingConventions:getDefault()Lcom/google/javascript/jscomp/CodingConvention;
5164,0,com.google.javascript.jscomp.JSModule:<init>(Ljava/lang/String;)V
5169,0,com.google.javascript.jscomp.JSModule:add(Lcom/google/javascript/jscomp/JSSourceFile;)V
5171,0,com.google.javascript.jscomp.JSModule:add(Lcom/google/javascript/jscomp/CompilerInput;)V
5181,0,com.google.javascript.jscomp.JSModule:getInputs()Ljava/util/List;
5256,0,com.google.javascript.jscomp.WarningsGuard:<init>()V
5257,0,com.google.javascript.jscomp.WarningsGuard:getPriority()I
5272,0,com.google.javascript.jscomp.CodePrinter$CompactCodePrinter:<init>(ZIZLcom/google/javascript/jscomp/SourceMap$DetailLevel;)V
5273,0,com.google.javascript.jscomp.CodePrinter$CompactCodePrinter:append(Ljava/lang/String;)V
5275,0,com.google.javascript.jscomp.CodePrinter$CompactCodePrinter:maybeLineBreak()V
5276,0,com.google.javascript.jscomp.CodePrinter$CompactCodePrinter:maybeCutLine()V
5277,0,com.google.javascript.jscomp.CodePrinter$CompactCodePrinter:notePreferredLineBreak()V
5278,0,com.google.javascript.jscomp.CodePrinter$CompactCodePrinter:<init>(ZIZLcom/google/javascript/jscomp/SourceMap$DetailLevel;Lcom/google/javascript/jscomp/CodePrinter$1;)V
5409,0,com.google.javascript.jscomp.NodeTraversal:<init>(Lcom/google/javascript/jscomp/AbstractCompiler;Lcom/google/javascript/jscomp/NodeTraversal$Callback;)V
5410,0,com.google.javascript.jscomp.NodeTraversal:<init>(Lcom/google/javascript/jscomp/AbstractCompiler;Lcom/google/javascript/jscomp/NodeTraversal$Callback;Lcom/google/javascript/jscomp/ScopeCreator;)V
5413,0,com.google.javascript.jscomp.NodeTraversal:traverse(Lcom/google/javascript/rhino/Node;)V
5420,0,com.google.javascript.jscomp.NodeTraversal:getCompiler()Lcom/google/javascript/jscomp/Compiler;
5426,0,com.google.javascript.jscomp.NodeTraversal:traverse(Lcom/google/javascript/jscomp/AbstractCompiler;Lcom/google/javascript/rhino/Node;Lcom/google/javascript/jscomp/NodeTraversal$Callback;)V
5428,0,com.google.javascript.jscomp.NodeTraversal:traverseBranch(Lcom/google/javascript/rhino/Node;Lcom/google/javascript/rhino/Node;)V
5431,0,com.google.javascript.jscomp.NodeTraversal:pushScope(Lcom/google/javascript/rhino/Node;)V
5433,0,com.google.javascript.jscomp.NodeTraversal:popScope()V
5441,0,com.google.javascript.jscomp.NodeTraversal:getSourceName(Lcom/google/javascript/rhino/Node;)Ljava/lang/String;
5457,0,com.google.javascript.jscomp.NodeTraversal$AbstractPostOrderCallback:<init>()V
5458,0,com.google.javascript.jscomp.NodeTraversal$AbstractPostOrderCallback:shouldTraverse(Lcom/google/javascript/jscomp/NodeTraversal;Lcom/google/javascript/rhino/Node;Lcom/google/javascript/rhino/Node;)Z
5487,0,com.google.javascript.jscomp.DiagnosticGroupWarningsGuard:<init>(Lcom/google/javascript/jscomp/DiagnosticGroup;Lcom/google/javascript/jscomp/CheckLevel;)V
5490,0,com.google.javascript.jscomp.DiagnosticGroupWarningsGuard:enables(Lcom/google/javascript/jscomp/DiagnosticGroup;)Z
5674,0,com.google.javascript.jscomp.SourceFile:<init>(Ljava/lang/String;)V
5678,0,com.google.javascript.jscomp.SourceFile:getCode()Ljava/lang/String;
5681,0,com.google.javascript.jscomp.SourceFile:setCode(Ljava/lang/String;)V
5683,0,com.google.javascript.jscomp.SourceFile:setOriginalPath(Ljava/lang/String;)V
5686,0,com.google.javascript.jscomp.SourceFile:getName()Ljava/lang/String;
5688,0,com.google.javascript.jscomp.SourceFile:setIsExtern(Z)V
5691,0,com.google.javascript.jscomp.SourceFile:toString()Ljava/lang/String;
5696,0,com.google.javascript.jscomp.SourceFile:fromCode(Ljava/lang/String;Ljava/lang/String;)Lcom/google/javascript/jscomp/SourceFile;
5702,0,com.google.javascript.jscomp.SourceFile:access$000(Lcom/google/javascript/jscomp/SourceFile;Ljava/lang/String;)V
5721,0,com.google.javascript.jscomp.LineNumberCheck:<init>(Lcom/google/javascript/jscomp/AbstractCompiler;)V
5723,0,com.google.javascript.jscomp.LineNumberCheck:process(Lcom/google/javascript/rhino/Node;Lcom/google/javascript/rhino/Node;)V
5724,0,com.google.javascript.jscomp.LineNumberCheck:shouldTraverse(Lcom/google/javascript/jscomp/NodeTraversal;Lcom/google/javascript/rhino/Node;Lcom/google/javascript/rhino/Node;)Z
5725,0,com.google.javascript.jscomp.LineNumberCheck:visit(Lcom/google/javascript/jscomp/NodeTraversal;Lcom/google/javascript/rhino/Node;Lcom/google/javascript/rhino/Node;)V
5733,0,com.google.javascript.jscomp.GoogleCodingConvention:<init>()V
5734,0,com.google.javascript.jscomp.GoogleCodingConvention:<init>(Lcom/google/javascript/jscomp/CodingConvention;)V
5765,0,com.google.javascript.jscomp.Tracer$ThreadTrace:isInitialized()Z
6255,0,com.google.javascript.jscomp.Tracer$1:currentTimeMillis()J
6257,0,com.google.javascript.jscomp.CompilerInput:<init>(Lcom/google/javascript/jscomp/SourceAst;Z)V
6259,0,com.google.javascript.jscomp.CompilerInput:<init>(Lcom/google/javascript/jscomp/SourceAst;Lcom/google/javascript/rhino/InputId;Z)V
6260,0,com.google.javascript.jscomp.CompilerInput:<init>(Lcom/google/javascript/jscomp/JSSourceFile;)V
6261,0,com.google.javascript.jscomp.CompilerInput:<init>(Lcom/google/javascript/jscomp/JSSourceFile;Z)V
6262,0,com.google.javascript.jscomp.CompilerInput:getInputId()Lcom/google/javascript/rhino/InputId;
6263,0,com.google.javascript.jscomp.CompilerInput:getName()Ljava/lang/String;
6266,0,com.google.javascript.jscomp.CompilerInput:getAstRoot(Lcom/google/javascript/jscomp/AbstractCompiler;)Lcom/google/javascript/rhino/Node;
6280,0,com.google.javascript.jscomp.CompilerInput:setModule(Lcom/google/javascript/jscomp/JSModule;)V
6286,0,com.google.javascript.jscomp.CodePrinter$MappedCodePrinter:<init>(IZLcom/google/javascript/jscomp/SourceMap$DetailLevel;)V
6287,0,com.google.javascript.jscomp.CodePrinter$MappedCodePrinter:startSourceMapping(Lcom/google/javascript/rhino/Node;)V
6288,0,com.google.javascript.jscomp.CodePrinter$MappedCodePrinter:endSourceMapping(Lcom/google/javascript/rhino/Node;)V
6292,0,com.google.javascript.jscomp.CodePrinter$MappedCodePrinter:getCode()Ljava/lang/String;
6293,0,com.google.javascript.jscomp.CodePrinter$MappedCodePrinter:getLastChar()C
6377,0,com.google.javascript.jscomp.RhinoErrorReporter$OldRhinoErrorReporter:<init>(Lcom/google/javascript/jscomp/AbstractCompiler;)V
6379,0,com.google.javascript.jscomp.RhinoErrorReporter$OldRhinoErrorReporter:<init>(Lcom/google/javascript/jscomp/AbstractCompiler;Lcom/google/javascript/jscomp/RhinoErrorReporter$1;)V
6426,0,com.google.javascript.jscomp.CodingConventions$Proxy:<init>(Lcom/google/javascript/jscomp/CodingConvention;)V
6650,0,com.google.javascript.jscomp.CodeGenerator:<init>(Lcom/google/javascript/jscomp/CodeConsumer;Ljava/nio/charset/Charset;)V
6651,0,com.google.javascript.jscomp.CodeGenerator:<init>(Lcom/google/javascript/jscomp/CodeConsumer;)V
6653,0,com.google.javascript.jscomp.CodeGenerator:add(Ljava/lang/String;)V
6654,0,com.google.javascript.jscomp.CodeGenerator:addIdentifier(Ljava/lang/String;)V
6655,0,com.google.javascript.jscomp.CodeGenerator:add(Lcom/google/javascript/rhino/Node;)V
6656,0,com.google.javascript.jscomp.CodeGenerator:add(Lcom/google/javascript/rhino/Node;Lcom/google/javascript/jscomp/CodeGenerator$Context;)V
6659,0,com.google.javascript.jscomp.CodeGenerator:isIndirectEval(Lcom/google/javascript/rhino/Node;)Z
6662,0,com.google.javascript.jscomp.CodeGenerator:addLeftExpr(Lcom/google/javascript/rhino/Node;ILcom/google/javascript/jscomp/CodeGenerator$Context;)V
6663,0,com.google.javascript.jscomp.CodeGenerator:addExpr(Lcom/google/javascript/rhino/Node;I)V
6664,0,com.google.javascript.jscomp.CodeGenerator:addExpr(Lcom/google/javascript/rhino/Node;ILcom/google/javascript/jscomp/CodeGenerator$Context;)V
6665,0,com.google.javascript.jscomp.CodeGenerator:addList(Lcom/google/javascript/rhino/Node;)V
6667,0,com.google.javascript.jscomp.CodeGenerator:addList(Lcom/google/javascript/rhino/Node;ZLcom/google/javascript/jscomp/CodeGenerator$Context;)V
6668,0,com.google.javascript.jscomp.CodeGenerator:addArrayList(Lcom/google/javascript/rhino/Node;)V
6671,0,com.google.javascript.jscomp.CodeGenerator:addJsString(Ljava/lang/String;)V
6672,0,com.google.javascript.jscomp.CodeGenerator:jsString(Ljava/lang/String;)Ljava/lang/String;
6676,0,com.google.javascript.jscomp.CodeGenerator:strEscape(Ljava/lang/String;CLjava/lang/String;Ljava/lang/String;Ljava/lang/String;Ljava/nio/charset/CharsetEncoder;)Ljava/lang/String;
6677,0,com.google.javascript.jscomp.CodeGenerator:identifierEscape(Ljava/lang/String;)Ljava/lang/String;
6681,0,com.google.javascript.jscomp.CodeGenerator:getContextForNoInOperator(Lcom/google/javascript/jscomp/CodeGenerator$Context;)Lcom/google/javascript/jscomp/CodeGenerator$Context;
7016,0,com.google.javascript.jscomp.PeepholeReplaceKnownMethods:<init>()V
7017,0,com.google.javascript.jscomp.PeepholeReplaceKnownMethods:optimizeSubtree(Lcom/google/javascript/rhino/Node;)Lcom/google/javascript/rhino/Node;
7018,0,com.google.javascript.jscomp.PeepholeReplaceKnownMethods:tryFoldKnownMethods(Lcom/google/javascript/rhino/Node;)Lcom/google/javascript/rhino/Node;
7019,0,com.google.javascript.jscomp.PeepholeReplaceKnownMethods:tryFoldKnownStringMethods(Lcom/google/javascript/rhino/Node;)Lcom/google/javascript/rhino/Node;
7026,1,com.google.javascript.jscomp.PeepholeReplaceKnownMethods:tryFoldArrayJoin(Lcom/google/javascript/rhino/Node;)Lcom/google/javascript/rhino/Node;
7540,0,com.google.javascript.jscomp.RhinoErrorReporter$NewRhinoErrorReporter:<init>(Lcom/google/javascript/jscomp/AbstractCompiler;)V
7542,0,com.google.javascript.jscomp.RhinoErrorReporter$NewRhinoErrorReporter:<init>(Lcom/google/javascript/jscomp/AbstractCompiler;Lcom/google/javascript/jscomp/RhinoErrorReporter$1;)V
7546,0,com.google.javascript.jscomp.CodePrinter$Builder:<init>(Lcom/google/javascript/rhino/Node;)V
7547,0,com.google.javascript.jscomp.CodePrinter$Builder:setPrettyPrint(Z)Lcom/google/javascript/jscomp/CodePrinter$Builder;
7548,0,com.google.javascript.jscomp.CodePrinter$Builder:setLineBreak(Z)Lcom/google/javascript/jscomp/CodePrinter$Builder;
7550,0,com.google.javascript.jscomp.CodePrinter$Builder:setLineLengthThreshold(I)Lcom/google/javascript/jscomp/CodePrinter$Builder;
7551,0,com.google.javascript.jscomp.CodePrinter$Builder:setSourceMap(Lcom/google/javascript/jscomp/SourceMap;)Lcom/google/javascript/jscomp/CodePrinter$Builder;
7552,0,com.google.javascript.jscomp.CodePrinter$Builder:setSourceMapDetailLevel(Lcom/google/javascript/jscomp/SourceMap$DetailLevel;)Lcom/google/javascript/jscomp/CodePrinter$Builder;
7553,0,com.google.javascript.jscomp.CodePrinter$Builder:setOutputCharset(Ljava/nio/charset/Charset;)Lcom/google/javascript/jscomp/CodePrinter$Builder;
7554,0,com.google.javascript.jscomp.CodePrinter$Builder:setTagAsStrict(Z)Lcom/google/javascript/jscomp/CodePrinter$Builder;
7555,0,com.google.javascript.jscomp.CodePrinter$Builder:build()Ljava/lang/String;
7777,0,com.google.javascript.rhino.Node$NumberNode:<init>(D)V
7779,0,com.google.javascript.rhino.Node$NumberNode:getDouble()D
7800,0,com.google.javascript.rhino.InputId:<init>(Ljava/lang/String;)V
7801,0,com.google.javascript.rhino.InputId:getIdName()Ljava/lang/String;
7802,0,com.google.javascript.rhino.InputId:hashCode()I
7804,0,com.google.javascript.rhino.InputId:toString()Ljava/lang/String;
7805,0,com.google.javascript.rhino.Node$NodeMismatch:<init>(Lcom/google/javascript/rhino/Node;Lcom/google/javascript/rhino/Node;)V
7816,0,com.google.javascript.rhino.Token:shouldPrintTrees()Z
7817,0,com.google.javascript.rhino.Token:name(I)Ljava/lang/String;
7822,0,com.google.javascript.rhino.Context:getCurrentContext()Lcom/google/javascript/rhino/Context;
8059,0,com.google.javascript.rhino.Node:propToString(I)Ljava/lang/String;
8060,0,com.google.javascript.rhino.Node:<init>(I)V
8061,0,com.google.javascript.rhino.Node:<init>(ILcom/google/javascript/rhino/Node;)V
8062,0,com.google.javascript.rhino.Node:<init>(ILcom/google/javascript/rhino/Node;Lcom/google/javascript/rhino/Node;)V
8072,0,com.google.javascript.rhino.Node:newNumber(D)Lcom/google/javascript/rhino/Node;
8074,0,com.google.javascript.rhino.Node:newString(Ljava/lang/String;)Lcom/google/javascript/rhino/Node;
8075,0,com.google.javascript.rhino.Node:newString(ILjava/lang/String;)Lcom/google/javascript/rhino/Node;
8078,0,com.google.javascript.rhino.Node:getType()I
8080,0,com.google.javascript.rhino.Node:hasChildren()Z
8081,0,com.google.javascript.rhino.Node:getFirstChild()Lcom/google/javascript/rhino/Node;
8082,0,com.google.javascript.rhino.Node:getLastChild()Lcom/google/javascript/rhino/Node;
8083,0,com.google.javascript.rhino.Node:getNext()Lcom/google/javascript/rhino/Node;
8084,0,com.google.javascript.rhino.Node:getChildBefore(Lcom/google/javascript/rhino/Node;)Lcom/google/javascript/rhino/Node;
8089,0,com.google.javascript.rhino.Node:addChildToBack(Lcom/google/javascript/rhino/Node;)V
8094,0,com.google.javascript.rhino.Node:removeChild(Lcom/google/javascript/rhino/Node;)V
8095,0,com.google.javascript.rhino.Node:replaceChild(Lcom/google/javascript/rhino/Node;Lcom/google/javascript/rhino/Node;)V
8097,0,com.google.javascript.rhino.Node:lookupProperty(I)Lcom/google/javascript/rhino/Node$PropListItem;
8098,0,com.google.javascript.rhino.Node:clonePropsFrom(Lcom/google/javascript/rhino/Node;)Lcom/google/javascript/rhino/Node;
8099,0,com.google.javascript.rhino.Node:removeProp(I)V
8100,0,com.google.javascript.rhino.Node:removeProp(Lcom/google/javascript/rhino/Node$PropListItem;I)Lcom/google/javascript/rhino/Node$PropListItem;
8101,0,com.google.javascript.rhino.Node:getProp(I)Ljava/lang/Object;
8102,0,com.google.javascript.rhino.Node:getBooleanProp(I)Z
8103,0,com.google.javascript.rhino.Node:getIntProp(I)I
8105,0,com.google.javascript.rhino.Node:putProp(ILjava/lang/Object;)V
8106,0,com.google.javascript.rhino.Node:putBooleanProp(IZ)V
8107,0,com.google.javascript.rhino.Node:putIntProp(II)V
8108,0,com.google.javascript.rhino.Node:createProp(ILjava/lang/Object;Lcom/google/javascript/rhino/Node$PropListItem;)Lcom/google/javascript/rhino/Node$PropListItem;
8109,0,com.google.javascript.rhino.Node:createProp(IILcom/google/javascript/rhino/Node$PropListItem;)Lcom/google/javascript/rhino/Node$PropListItem;
8110,0,com.google.javascript.rhino.Node:getSortedPropTypes()[I
8115,0,com.google.javascript.rhino.Node:toString()Ljava/lang/String;
8116,0,com.google.javascript.rhino.Node:toString(ZZZ)Ljava/lang/String;
8117,0,com.google.javascript.rhino.Node:toString(Ljava/lang/StringBuilder;ZZZ)V
8118,0,com.google.javascript.rhino.Node:toStringTree()Ljava/lang/String;
8119,0,com.google.javascript.rhino.Node:toStringTreeImpl()Ljava/lang/String;
8120,0,com.google.javascript.rhino.Node:appendStringTree(Ljava/lang/Appendable;)V
8121,0,com.google.javascript.rhino.Node:toStringTreeHelper(Lcom/google/javascript/rhino/Node;ILjava/lang/Appendable;)V
8122,0,com.google.javascript.rhino.Node:setStaticSourceFile(Lcom/google/javascript/rhino/jstype/StaticSourceFile;)V
8124,0,com.google.javascript.rhino.Node:getSourceFileName()Ljava/lang/String;
8125,0,com.google.javascript.rhino.Node:getStaticSourceFile()Lcom/google/javascript/rhino/jstype/StaticSourceFile;
8126,0,com.google.javascript.rhino.Node:setInputId(Lcom/google/javascript/rhino/InputId;)V
8127,0,com.google.javascript.rhino.Node:getInputId()Lcom/google/javascript/rhino/InputId;
8131,0,com.google.javascript.rhino.Node:getLineno()I
8132,0,com.google.javascript.rhino.Node:getCharno()I
8135,0,com.google.javascript.rhino.Node:setLineno(I)V
8136,0,com.google.javascript.rhino.Node:setCharno(I)V
8139,0,com.google.javascript.rhino.Node:mergeLineCharNo(II)I
8140,0,com.google.javascript.rhino.Node:extractLineno(I)I
8141,0,com.google.javascript.rhino.Node:extractCharno(I)I
8145,0,com.google.javascript.rhino.Node:getParent()Lcom/google/javascript/rhino/Node;
8148,0,com.google.javascript.rhino.Node:hasOneChild()Z
8150,0,com.google.javascript.rhino.Node:getChildCount()I
8152,0,com.google.javascript.rhino.Node:checkTreeEquals(Lcom/google/javascript/rhino/Node;)Ljava/lang/String;
8153,0,com.google.javascript.rhino.Node:getNodeClass(Lcom/google/javascript/rhino/Node;)Ljava/lang/Class;
8154,0,com.google.javascript.rhino.Node:checkTreeEqualsImpl(Lcom/google/javascript/rhino/Node;)Lcom/google/javascript/rhino/Node$NodeMismatch;
8157,0,com.google.javascript.rhino.Node:isEquivalentTo(Lcom/google/javascript/rhino/Node;)Z
8159,0,com.google.javascript.rhino.Node:isEquivalentTo(Lcom/google/javascript/rhino/Node;ZZ)Z
8164,0,com.google.javascript.rhino.Node:detachFromParent()Lcom/google/javascript/rhino/Node;
8167,0,com.google.javascript.rhino.Node:detachChildren()V
8169,0,com.google.javascript.rhino.Node:cloneNode()Lcom/google/javascript/rhino/Node;
8170,0,com.google.javascript.rhino.Node:cloneTree()Lcom/google/javascript/rhino/Node;
8171,0,com.google.javascript.rhino.Node:copyInformationFrom(Lcom/google/javascript/rhino/Node;)Lcom/google/javascript/rhino/Node;
8178,0,com.google.javascript.rhino.Node:setJSType(Lcom/google/javascript/rhino/jstype/JSType;)V
8179,0,com.google.javascript.rhino.Node:getJsDocBuilderForNode()Lcom/google/javascript/rhino/Node$FileLevelJsDocBuilder;
8180,0,com.google.javascript.rhino.Node:getJSDocInfo()Lcom/google/javascript/rhino/JSDocInfo;
8182,0,com.google.javascript.rhino.Node:setVarArgs(Z)V
8184,0,com.google.javascript.rhino.Node:setOptionalArg(Z)V
8186,0,com.google.javascript.rhino.Node:setIsSyntheticBlock(Z)V
8202,0,com.google.javascript.rhino.Node$IntPropListItem:<init>(IILcom/google/javascript/rhino/Node$PropListItem;)V
8203,0,com.google.javascript.rhino.Node$IntPropListItem:getIntValue()I
8205,0,com.google.javascript.rhino.Node$IntPropListItem:toString()Ljava/lang/String;
8206,0,com.google.javascript.rhino.Node$IntPropListItem:chain(Lcom/google/javascript/rhino/Node$PropListItem;)Lcom/google/javascript/rhino/Node$PropListItem;
8207,0,com.google.javascript.rhino.Node$FileLevelJsDocBuilder:<init>(Lcom/google/javascript/rhino/Node;)V
8237,0,com.google.javascript.rhino.jstype.NullType:<init>(Lcom/google/javascript/rhino/jstype/JSTypeRegistry;)V
8245,0,com.google.javascript.rhino.jstype.NullType:toString()Ljava/lang/String;
8246,0,com.google.javascript.rhino.jstype.NullType:getDisplayName()Ljava/lang/String;
8275,0,com.google.javascript.rhino.jstype.AllType:<init>(Lcom/google/javascript/rhino/jstype/JSTypeRegistry;)V
8276,0,com.google.javascript.rhino.jstype.AllType:isAllType()Z
8287,0,com.google.javascript.rhino.jstype.JSType:<init>(Lcom/google/javascript/rhino/jstype/JSTypeRegistry;)V
8288,0,com.google.javascript.rhino.jstype.JSType:getNativeType(Lcom/google/javascript/rhino/jstype/JSTypeNative;)Lcom/google/javascript/rhino/jstype/JSType;
8292,0,com.google.javascript.rhino.jstype.JSType:isNoType()Z
8293,0,com.google.javascript.rhino.jstype.JSType:isNoResolvedType()Z
8294,0,com.google.javascript.rhino.jstype.JSType:isNoObjectType()Z
8295,0,com.google.javascript.rhino.jstype.JSType:isEmptyType()Z
8311,0,com.google.javascript.rhino.jstype.JSType:isAllType()Z
8312,0,com.google.javascript.rhino.jstype.JSType:isUnknownType()Z
8314,0,com.google.javascript.rhino.jstype.JSType:isUnionType()Z
8315,0,com.google.javascript.rhino.jstype.JSType:toMaybeUnionType()Lcom/google/javascript/rhino/jstype/UnionType;
8317,0,com.google.javascript.rhino.jstype.JSType:isFunctionType()Z
8318,0,com.google.javascript.rhino.jstype.JSType:toMaybeFunctionType()Lcom/google/javascript/rhino/jstype/FunctionType;
8325,0,com.google.javascript.rhino.jstype.JSType:isRecordType()Z
8326,0,com.google.javascript.rhino.jstype.JSType:toMaybeRecordType()Lcom/google/javascript/rhino/jstype/RecordType;
8330,0,com.google.javascript.rhino.jstype.JSType:isNominalType()Z
8335,0,com.google.javascript.rhino.jstype.JSType:isEquivalentTo(Lcom/google/javascript/rhino/jstype/JSType;)Z
8338,0,com.google.javascript.rhino.jstype.JSType:hashCode()I
8349,0,com.google.javascript.rhino.jstype.JSType:toObjectType()Lcom/google/javascript/rhino/jstype/ObjectType;
8369,0,com.google.javascript.rhino.jstype.JSType:isSubtype(Lcom/google/javascript/rhino/jstype/JSType;)Z
8371,0,com.google.javascript.rhino.jstype.JSType:isSubtypeHelper(Lcom/google/javascript/rhino/jstype/JSType;Lcom/google/javascript/rhino/jstype/JSType;)Z
8381,0,com.google.javascript.rhino.jstype.UnknownType:<init>(Lcom/google/javascript/rhino/jstype/JSTypeRegistry;Z)V
8410,0,com.google.javascript.rhino.jstype.InstanceObjectType:<init>(Lcom/google/javascript/rhino/jstype/JSTypeRegistry;Lcom/google/javascript/rhino/jstype/FunctionType;Z)V
8411,0,com.google.javascript.rhino.jstype.InstanceObjectType:getReferenceName()Ljava/lang/String;
8412,0,com.google.javascript.rhino.jstype.InstanceObjectType:hasReferenceName()Z
8413,0,com.google.javascript.rhino.jstype.InstanceObjectType:getImplicitPrototype()Lcom/google/javascript/rhino/jstype/ObjectType;
8414,0,com.google.javascript.rhino.jstype.InstanceObjectType:getConstructor()Lcom/google/javascript/rhino/jstype/FunctionType;
8415,0,com.google.javascript.rhino.jstype.InstanceObjectType:defineProperty(Ljava/lang/String;Lcom/google/javascript/rhino/jstype/JSType;ZLcom/google/javascript/rhino/Node;)Z
8416,0,com.google.javascript.rhino.jstype.InstanceObjectType:toString()Ljava/lang/String;
8425,0,com.google.javascript.rhino.jstype.InstanceObjectType:isNominalType()Z
8426,0,com.google.javascript.rhino.jstype.InstanceObjectType:isEquivalentTo(Lcom/google/javascript/rhino/jstype/JSType;)Z
8427,0,com.google.javascript.rhino.jstype.InstanceObjectType:hashCode()I
8429,0,com.google.javascript.rhino.jstype.InstanceObjectType:getCtorExtendedInterfaces()Ljava/lang/Iterable;
8430,0,com.google.javascript.rhino.jstype.JSTypeRegistry$1:<init>(Lcom/google/javascript/rhino/jstype/JSTypeRegistry;Lcom/google/javascript/rhino/jstype/JSTypeRegistry;Ljava/lang/String;Lcom/google/javascript/rhino/Node;Lcom/google/javascript/rhino/jstype/ArrowType;Lcom/google/javascript/rhino/jstype/ObjectType;Ljava/lang/String;ZZ)V
8435,0,com.google.javascript.rhino.jstype.VoidType:<init>(Lcom/google/javascript/rhino/jstype/JSTypeRegistry;)V
8442,0,com.google.javascript.rhino.jstype.VoidType:toString()Ljava/lang/String;
8443,0,com.google.javascript.rhino.jstype.VoidType:getDisplayName()Ljava/lang/String;
8448,0,com.google.javascript.rhino.jstype.JSTypeRegistry:<init>(Lcom/google/javascript/rhino/ErrorReporter;Z)V
8453,0,com.google.javascript.rhino.jstype.JSTypeRegistry:resetForTypeCheck()V
8454,0,com.google.javascript.rhino.jstype.JSTypeRegistry:initializeBuiltInTypes()V
8455,0,com.google.javascript.rhino.jstype.JSTypeRegistry:initializeRegistry()V
8456,0,com.google.javascript.rhino.jstype.JSTypeRegistry:register(Lcom/google/javascript/rhino/jstype/JSType;)V
8457,0,com.google.javascript.rhino.jstype.JSTypeRegistry:register(Lcom/google/javascript/rhino/jstype/JSType;Ljava/lang/String;)V
8458,0,com.google.javascript.rhino.jstype.JSTypeRegistry:registerNativeType(Lcom/google/javascript/rhino/jstype/JSTypeNative;Lcom/google/javascript/rhino/jstype/JSType;)V
8459,0,com.google.javascript.rhino.jstype.JSTypeRegistry:registerPropertyOnType(Ljava/lang/String;Lcom/google/javascript/rhino/jstype/JSType;)V
8460,0,com.google.javascript.rhino.jstype.JSTypeRegistry:addReferenceTypeIndexedByProperty(Ljava/lang/String;Lcom/google/javascript/rhino/jstype/JSType;)V
8479,0,com.google.javascript.rhino.jstype.JSTypeRegistry:getNativeType(Lcom/google/javascript/rhino/jstype/JSTypeNative;)Lcom/google/javascript/rhino/jstype/JSType;
8480,0,com.google.javascript.rhino.jstype.JSTypeRegistry:getNativeObjectType(Lcom/google/javascript/rhino/jstype/JSTypeNative;)Lcom/google/javascript/rhino/jstype/ObjectType;
8481,0,com.google.javascript.rhino.jstype.JSTypeRegistry:getNativeFunctionType(Lcom/google/javascript/rhino/jstype/JSTypeNative;)Lcom/google/javascript/rhino/jstype/FunctionType;
8485,0,com.google.javascript.rhino.jstype.JSTypeRegistry:createOptionalType(Lcom/google/javascript/rhino/jstype/JSType;)Lcom/google/javascript/rhino/jstype/JSType;
8487,0,com.google.javascript.rhino.jstype.JSTypeRegistry:createNullableType(Lcom/google/javascript/rhino/jstype/JSType;)Lcom/google/javascript/rhino/jstype/JSType;
8489,0,com.google.javascript.rhino.jstype.JSTypeRegistry:createUnionType([Lcom/google/javascript/rhino/jstype/JSType;)Lcom/google/javascript/rhino/jstype/JSType;
8492,0,com.google.javascript.rhino.jstype.JSTypeRegistry:createArrowType(Lcom/google/javascript/rhino/Node;Lcom/google/javascript/rhino/jstype/JSType;)Lcom/google/javascript/rhino/jstype/ArrowType;
8493,0,com.google.javascript.rhino.jstype.JSTypeRegistry:createArrowType(Lcom/google/javascript/rhino/Node;)Lcom/google/javascript/rhino/jstype/ArrowType;
8497,0,com.google.javascript.rhino.jstype.JSTypeRegistry:createFunctionTypeWithVarArgs(Lcom/google/javascript/rhino/jstype/JSType;[Lcom/google/javascript/rhino/jstype/JSType;)Lcom/google/javascript/rhino/jstype/FunctionType;
8505,0,com.google.javascript.rhino.jstype.JSTypeRegistry:createParametersWithVarArgs([Lcom/google/javascript/rhino/jstype/JSType;)Lcom/google/javascript/rhino/Node;
8506,0,com.google.javascript.rhino.jstype.JSTypeRegistry:createOptionalParameters([Lcom/google/javascript/rhino/jstype/JSType;)Lcom/google/javascript/rhino/Node;
8507,0,com.google.javascript.rhino.jstype.JSTypeRegistry:createParameters(Z[Lcom/google/javascript/rhino/jstype/JSType;)Lcom/google/javascript/rhino/Node;
8508,0,com.google.javascript.rhino.jstype.JSTypeRegistry:createFunctionType(Lcom/google/javascript/rhino/jstype/JSType;Z[Lcom/google/javascript/rhino/jstype/JSType;)Lcom/google/javascript/rhino/jstype/FunctionType;
8511,0,com.google.javascript.rhino.jstype.JSTypeRegistry:createFunctionType(Lcom/google/javascript/rhino/jstype/JSType;Lcom/google/javascript/rhino/Node;)Lcom/google/javascript/rhino/jstype/FunctionType;
8530,0,com.google.javascript.rhino.jstype.ArrowType:<init>(Lcom/google/javascript/rhino/jstype/JSTypeRegistry;Lcom/google/javascript/rhino/Node;Lcom/google/javascript/rhino/jstype/JSType;)V
8531,0,com.google.javascript.rhino.jstype.ArrowType:<init>(Lcom/google/javascript/rhino/jstype/JSTypeRegistry;Lcom/google/javascript/rhino/Node;Lcom/google/javascript/rhino/jstype/JSType;Z)V
8581,0,com.google.javascript.rhino.jstype.BooleanType:<init>(Lcom/google/javascript/rhino/jstype/JSTypeRegistry;)V
8589,0,com.google.javascript.rhino.jstype.BooleanType:toString()Ljava/lang/String;
8590,0,com.google.javascript.rhino.jstype.BooleanType:getDisplayName()Ljava/lang/String;
8594,0,com.google.javascript.rhino.jstype.FunctionParamBuilder:<init>(Lcom/google/javascript/rhino/jstype/JSTypeRegistry;)V
8595,0,com.google.javascript.rhino.jstype.FunctionParamBuilder:addRequiredParams([Lcom/google/javascript/rhino/jstype/JSType;)Z
8596,0,com.google.javascript.rhino.jstype.FunctionParamBuilder:addOptionalParams([Lcom/google/javascript/rhino/jstype/JSType;)Z
8597,0,com.google.javascript.rhino.jstype.FunctionParamBuilder:addVarArgs(Lcom/google/javascript/rhino/jstype/JSType;)Z
8599,0,com.google.javascript.rhino.jstype.FunctionParamBuilder:newParameter(Lcom/google/javascript/rhino/jstype/JSType;)Lcom/google/javascript/rhino/Node;
8600,0,com.google.javascript.rhino.jstype.FunctionParamBuilder:build()Lcom/google/javascript/rhino/Node;
8601,0,com.google.javascript.rhino.jstype.FunctionParamBuilder:hasOptionalOrVarArgs()Z
8602,0,com.google.javascript.rhino.jstype.FunctionParamBuilder:hasVarArgs()Z
8603,0,com.google.javascript.rhino.jstype.ErrorFunctionType:<init>(Lcom/google/javascript/rhino/jstype/JSTypeRegistry;Ljava/lang/String;)V
8609,0,com.google.javascript.rhino.jstype.FunctionType:<init>(Lcom/google/javascript/rhino/jstype/JSTypeRegistry;Ljava/lang/String;Lcom/google/javascript/rhino/Node;Lcom/google/javascript/rhino/jstype/ArrowType;Lcom/google/javascript/rhino/jstype/ObjectType;Ljava/lang/String;ZZ)V
8610,0,com.google.javascript.rhino.jstype.FunctionType:<init>(Lcom/google/javascript/rhino/jstype/JSTypeRegistry;Ljava/lang/String;Lcom/google/javascript/rhino/Node;)V
8613,0,com.google.javascript.rhino.jstype.FunctionType:isConstructor()Z
8614,0,com.google.javascript.rhino.jstype.FunctionType:isInterface()Z
8616,0,com.google.javascript.rhino.jstype.FunctionType:toMaybeFunctionType()Lcom/google/javascript/rhino/jstype/FunctionType;
8625,0,com.google.javascript.rhino.jstype.FunctionType:getInternalArrowType()Lcom/google/javascript/rhino/jstype/ArrowType;
8628,0,com.google.javascript.rhino.jstype.FunctionType:getPrototype()Lcom/google/javascript/rhino/jstype/ObjectType;
8629,0,com.google.javascript.rhino.jstype.FunctionType:setPrototypeBasedOn(Lcom/google/javascript/rhino/jstype/ObjectType;)V
8630,0,com.google.javascript.rhino.jstype.FunctionType:setPrototypeBasedOn(Lcom/google/javascript/rhino/jstype/ObjectType;Lcom/google/javascript/rhino/Node;)V
8631,0,com.google.javascript.rhino.jstype.FunctionType:setPrototype(Lcom/google/javascript/rhino/jstype/PrototypeObjectType;Lcom/google/javascript/rhino/Node;)Z
8638,0,com.google.javascript.rhino.jstype.FunctionType:getExtendedInterfaces()Ljava/lang/Iterable;
8645,0,com.google.javascript.rhino.jstype.FunctionType:getSuperClassConstructor()Lcom/google/javascript/rhino/jstype/FunctionType;
8655,0,com.google.javascript.rhino.jstype.FunctionType:getInstanceType()Lcom/google/javascript/rhino/jstype/ObjectType;
8656,0,com.google.javascript.rhino.jstype.FunctionType:setInstanceType(Lcom/google/javascript/rhino/jstype/ObjectType;)V
8657,0,com.google.javascript.rhino.jstype.FunctionType:hasInstanceType()Z
8661,0,com.google.javascript.rhino.jstype.FunctionType:addSubType(Lcom/google/javascript/rhino/jstype/FunctionType;)V
8664,0,com.google.javascript.rhino.jstype.FunctionType:hasCachedValues()Z
8694,0,com.google.javascript.rhino.jstype.NoType:<init>(Lcom/google/javascript/rhino/jstype/JSTypeRegistry;)V
8696,0,com.google.javascript.rhino.jstype.NoType:isNoType()Z
8705,0,com.google.javascript.rhino.jstype.UnionTypeBuilder:<init>(Lcom/google/javascript/rhino/jstype/JSTypeRegistry;)V
8706,0,com.google.javascript.rhino.jstype.UnionTypeBuilder:<init>(Lcom/google/javascript/rhino/jstype/JSTypeRegistry;I)V
8708,0,com.google.javascript.rhino.jstype.UnionTypeBuilder:addAlternate(Lcom/google/javascript/rhino/jstype/JSType;)Lcom/google/javascript/rhino/jstype/UnionTypeBuilder;
8709,0,com.google.javascript.rhino.jstype.UnionTypeBuilder:reduceAlternatesWithoutUnion()Lcom/google/javascript/rhino/jstype/JSType;
8710,0,com.google.javascript.rhino.jstype.UnionTypeBuilder:build()Lcom/google/javascript/rhino/jstype/JSType;
8711,0,com.google.javascript.rhino.jstype.UnionTypeBuilder:getAlternateListCopy()Ljava/util/Collection;
8712,0,com.google.javascript.rhino.jstype.NoObjectType:<init>(Lcom/google/javascript/rhino/jstype/JSTypeRegistry;)V
8735,0,com.google.javascript.rhino.jstype.NoResolvedType:<init>(Lcom/google/javascript/rhino/jstype/JSTypeRegistry;)V
8741,0,com.google.javascript.rhino.jstype.JSTypeNative:values()[Lcom/google/javascript/rhino/jstype/JSTypeNative;
8748,0,com.google.javascript.rhino.jstype.StringType:<init>(Lcom/google/javascript/rhino/jstype/JSTypeRegistry;)V
8754,0,com.google.javascript.rhino.jstype.StringType:toString()Ljava/lang/String;
8755,0,com.google.javascript.rhino.jstype.StringType:getDisplayName()Ljava/lang/String;
8761,0,com.google.javascript.rhino.jstype.ValueType:<init>(Lcom/google/javascript/rhino/jstype/JSTypeRegistry;)V
8764,0,com.google.javascript.rhino.jstype.PrototypeObjectType:<init>(Lcom/google/javascript/rhino/jstype/JSTypeRegistry;Ljava/lang/String;Lcom/google/javascript/rhino/jstype/ObjectType;)V
8765,0,com.google.javascript.rhino.jstype.PrototypeObjectType:<init>(Lcom/google/javascript/rhino/jstype/JSTypeRegistry;Ljava/lang/String;Lcom/google/javascript/rhino/jstype/ObjectType;Z)V
8769,0,com.google.javascript.rhino.jstype.PrototypeObjectType:hasOwnProperty(Ljava/lang/String;)Z
8776,0,com.google.javascript.rhino.jstype.PrototypeObjectType:defineProperty(Ljava/lang/String;Lcom/google/javascript/rhino/jstype/JSType;ZLcom/google/javascript/rhino/Node;)Z
8788,0,com.google.javascript.rhino.jstype.PrototypeObjectType:setPrettyPrint(Z)V
8790,0,com.google.javascript.rhino.jstype.PrototypeObjectType:getConstructor()Lcom/google/javascript/rhino/jstype/FunctionType;
8791,0,com.google.javascript.rhino.jstype.PrototypeObjectType:getImplicitPrototype()Lcom/google/javascript/rhino/jstype/ObjectType;
8792,0,com.google.javascript.rhino.jstype.PrototypeObjectType:setImplicitPrototype(Lcom/google/javascript/rhino/jstype/ObjectType;)V
8793,0,com.google.javascript.rhino.jstype.PrototypeObjectType:getReferenceName()Ljava/lang/String;
8794,0,com.google.javascript.rhino.jstype.PrototypeObjectType:hasReferenceName()Z
8795,0,com.google.javascript.rhino.jstype.PrototypeObjectType:isSubtype(Lcom/google/javascript/rhino/jstype/JSType;)Z
8796,0,com.google.javascript.rhino.jstype.PrototypeObjectType:implicitPrototypeChainIsUnknown()Z
8797,0,com.google.javascript.rhino.jstype.PrototypeObjectType:hasCachedValues()Z
8798,0,com.google.javascript.rhino.jstype.PrototypeObjectType:isNativeObjectType()Z
8799,0,com.google.javascript.rhino.jstype.PrototypeObjectType:setOwnerFunction(Lcom/google/javascript/rhino/jstype/FunctionType;)V
8800,0,com.google.javascript.rhino.jstype.PrototypeObjectType:getOwnerFunction()Lcom/google/javascript/rhino/jstype/FunctionType;
8802,0,com.google.javascript.rhino.jstype.PrototypeObjectType:getCtorExtendedInterfaces()Ljava/lang/Iterable;
8806,0,com.google.javascript.rhino.jstype.ObjectType$Property:<init>(Ljava/lang/String;Lcom/google/javascript/rhino/jstype/JSType;ZLcom/google/javascript/rhino/Node;)V
8812,0,com.google.javascript.rhino.jstype.ObjectType$Property:getType()Lcom/google/javascript/rhino/jstype/JSType;
8826,0,com.google.javascript.rhino.jstype.NumberType:<init>(Lcom/google/javascript/rhino/jstype/JSTypeRegistry;)V
8833,0,com.google.javascript.rhino.jstype.NumberType:toString()Ljava/lang/String;
8834,0,com.google.javascript.rhino.jstype.NumberType:getDisplayName()Ljava/lang/String;
8889,0,com.google.javascript.rhino.jstype.ObjectType:<init>(Lcom/google/javascript/rhino/jstype/JSTypeRegistry;)V
8904,0,com.google.javascript.rhino.jstype.ObjectType:defineDeclaredProperty(Ljava/lang/String;Lcom/google/javascript/rhino/jstype/JSType;Lcom/google/javascript/rhino/Node;)Z
8913,0,com.google.javascript.rhino.jstype.ObjectType:hasOwnDeclaredProperty(Ljava/lang/String;)Z
8917,0,com.google.javascript.rhino.jstype.ObjectType:isImplicitPrototype(Lcom/google/javascript/rhino/jstype/ObjectType;)Z
8919,0,com.google.javascript.rhino.jstype.ObjectType:isUnknownType()Z
8921,0,com.google.javascript.rhino.jstype.ObjectType:hasCachedValues()Z
8924,0,com.google.javascript.rhino.jstype.ObjectType:cast(Lcom/google/javascript/rhino/jstype/JSType;)Lcom/google/javascript/rhino/jstype/ObjectType;
8925,0,com.google.javascript.rhino.jstype.ObjectType:isFunctionPrototypeType()Z
9020,0,com.google.javascript.rhino.jstype.FunctionBuilder:<init>(Lcom/google/javascript/rhino/jstype/JSTypeRegistry;)V
9024,0,com.google.javascript.rhino.jstype.FunctionBuilder:withParamsNode(Lcom/google/javascript/rhino/Node;)Lcom/google/javascript/rhino/jstype/FunctionBuilder;
9025,0,com.google.javascript.rhino.jstype.FunctionBuilder:withReturnType(Lcom/google/javascript/rhino/jstype/JSType;)Lcom/google/javascript/rhino/jstype/FunctionBuilder;
9034,0,com.google.javascript.rhino.jstype.FunctionBuilder:build()Lcom/google/javascript/rhino/jstype/FunctionType;
9106,0,com.google.javascript.rhino.jstype.UnionType:<init>(Lcom/google/javascript/rhino/jstype/JSTypeRegistry;Ljava/util/Collection;)V
9183,0,com.google.javascript.rhino.ScriptRuntime:getMessage0(Ljava/lang/String;)Ljava/lang/String;
9188,0,com.google.javascript.rhino.ScriptRuntime:getMessage(Ljava/lang/String;[Ljava/lang/Object;)Ljava/lang/String;
9207,0,com.google.javascript.rhino.Node$StringNode:<init>(ILjava/lang/String;)V
9209,0,com.google.javascript.rhino.Node$StringNode:getString()Ljava/lang/String;
9211,0,com.google.javascript.rhino.Node$StringNode:isEquivalentTo(Lcom/google/javascript/rhino/Node;ZZ)Z
9278,0,com.google.javascript.rhino.Node$AbstractPropListItem:<init>(ILcom/google/javascript/rhino/Node$PropListItem;)V
9279,0,com.google.javascript.rhino.Node$AbstractPropListItem:getType()I
9280,0,com.google.javascript.rhino.Node$AbstractPropListItem:getNext()Lcom/google/javascript/rhino/Node$PropListItem;
9281,0,com.google.javascript.rhino.Node$ObjectPropListItem:<init>(ILjava/lang/Object;Lcom/google/javascript/rhino/Node$PropListItem;)V
9283,0,com.google.javascript.rhino.Node$ObjectPropListItem:getObjectValue()Ljava/lang/Object;
9284,0,com.google.javascript.rhino.Node$ObjectPropListItem:toString()Ljava/lang/String;
