1227,0,org.apache.commons.lang3.time.FastDateFormat$1:createInstance(Ljava/lang/String;Ljava/util/TimeZone;Ljava/util/Locale;)Lorg/apache/commons/lang3/time/FastDateFormat;
1229,0,org.apache.commons.lang3.time.FastDateParser$KeyValue:<init>(Ljava/lang/String;I)V
1236,0,org.apache.commons.lang3.time.FastDatePrinter$UnpaddedMonthField:estimateLength()I
1240,0,org.apache.commons.lang3.time.FastDatePrinter:<init>(Ljava/lang/String;Ljava/util/TimeZone;Ljava/util/Locale;)V
1241,0,org.apache.commons.lang3.time.FastDatePrinter:init()V
1242,0,org.apache.commons.lang3.time.FastDatePrinter:parsePattern()Ljava/util/List;
1243,0,org.apache.commons.lang3.time.FastDatePrinter:parseToken(Ljava/lang/String;[I)Ljava/lang/String;
1283,0,org.apache.commons.lang3.time.FastDateParser$TextStrategy:addRegex(Lorg/apache/commons/lang3/time/FastDateParser;Ljava/lang/StringBuilder;)Z
1284,0,org.apache.commons.lang3.time.FastDateParser$TextStrategy:setCalendar(Lorg/apache/commons/lang3/time/FastDateParser;Ljava/util/Calendar;Ljava/lang/String;)V
1304,0,org.apache.commons.lang3.time.FastDateParser$NumberStrategy:addRegex(Lorg/apache/commons/lang3/time/FastDateParser;Ljava/lang/StringBuilder;)Z
1305,0,org.apache.commons.lang3.time.FastDateParser$NumberStrategy:setCalendar(Lorg/apache/commons/lang3/time/FastDateParser;Ljava/util/Calendar;Ljava/lang/String;)V
1324,0,org.apache.commons.lang3.time.FastDateParser$CopyQuotedStrategy:<init>(Ljava/lang/String;)V
1325,0,org.apache.commons.lang3.time.FastDateParser$CopyQuotedStrategy:isNumber()Z
1326,0,org.apache.commons.lang3.time.FastDateParser$CopyQuotedStrategy:addRegex(Lorg/apache/commons/lang3/time/FastDateParser;Ljava/lang/StringBuilder;)Z
1329,0,org.apache.commons.lang3.time.FastDateParser$3:modify(I)I
1333,0,org.apache.commons.lang3.time.FastDateParser$1:compare(Lorg/apache/commons/lang3/time/FastDateParser$KeyValue;Lorg/apache/commons/lang3/time/FastDateParser$KeyValue;)I
1339,0,org.apache.commons.lang3.time.FormatCache$MultipartKey:<init>([Ljava/lang/Object;)V
1341,0,org.apache.commons.lang3.time.FormatCache$MultipartKey:hashCode()I
1374,0,org.apache.commons.lang3.time.FastDatePrinter$CharacterLiteral:<init>(C)V
1375,0,org.apache.commons.lang3.time.FastDatePrinter$CharacterLiteral:estimateLength()I
1379,0,org.apache.commons.lang3.time.FormatCache:getInstance(Ljava/lang/String;Ljava/util/TimeZone;Ljava/util/Locale;)Ljava/text/Format;
1451,0,org.apache.commons.lang3.time.FastDateFormat:getInstance(Ljava/lang/String;Ljava/util/TimeZone;Ljava/util/Locale;)Lorg/apache/commons/lang3/time/FastDateFormat;
1464,0,org.apache.commons.lang3.time.FastDateFormat:<init>(Ljava/lang/String;Ljava/util/TimeZone;Ljava/util/Locale;)V
1472,0,org.apache.commons.lang3.time.FastDateFormat:parse(Ljava/lang/String;)Ljava/util/Date;
1486,0,org.apache.commons.lang3.time.FastDateParser:<init>(Ljava/lang/String;Ljava/util/TimeZone;Ljava/util/Locale;)V
1487,0,org.apache.commons.lang3.time.FastDateParser:init()V
1491,0,org.apache.commons.lang3.time.FastDateParser:getParsePattern()Ljava/util/regex/Pattern;
1497,0,org.apache.commons.lang3.time.FastDateParser:parse(Ljava/lang/String;)Ljava/util/Date;
1499,0,org.apache.commons.lang3.time.FastDateParser:parse(Ljava/lang/String;Ljava/text/ParsePosition;)Ljava/util/Date;
1500,1,org.apache.commons.lang3.time.FastDateParser:escapeRegex(Ljava/lang/StringBuilder;Ljava/lang/String;Z)Ljava/lang/StringBuilder;
1501,0,org.apache.commons.lang3.time.FastDateParser:getDisplayNames(I)[Lorg/apache/commons/lang3/time/FastDateParser$KeyValue;
1503,0,org.apache.commons.lang3.time.FastDateParser:createKeyValues([Ljava/lang/String;[Ljava/lang/String;)[Lorg/apache/commons/lang3/time/FastDateParser$KeyValue;
1504,0,org.apache.commons.lang3.time.FastDateParser:count([Ljava/lang/String;)I
1505,0,org.apache.commons.lang3.time.FastDateParser:copy([Lorg/apache/commons/lang3/time/FastDateParser$KeyValue;I[Ljava/lang/String;)I
1507,0,org.apache.commons.lang3.time.FastDateParser:isNextNumber()Z
1509,0,org.apache.commons.lang3.time.FastDateParser:getStrategy(Ljava/lang/String;)Lorg/apache/commons/lang3/time/FastDateParser$Strategy;
1510,0,org.apache.commons.lang3.time.FastDateParser:access$000(Ljava/lang/StringBuilder;Ljava/lang/String;Z)Ljava/lang/StringBuilder;
1511,0,org.apache.commons.lang3.time.FastDateParser:access$100()Ljava/util/Comparator;
1513,0,org.apache.commons.lang3.time.FastDatePrinter$TextField:<init>(I[Ljava/lang/String;)V
1514,0,org.apache.commons.lang3.time.FastDatePrinter$TextField:estimateLength()I
