286,0,org.jsoup.nodes.Attributes:<init>()V
308,0,org.jsoup.nodes.Element:<init>(Lorg/jsoup/parser/Tag;Ljava/lang/String;Lorg/jsoup/nodes/Attributes;)V
309,0,org.jsoup.nodes.Element:<init>(Lorg/jsoup/parser/Tag;Ljava/lang/String;)V
421,0,org.jsoup.nodes.Document$OutputSettings:<init>()V
448,0,org.jsoup.nodes.Node:<init>(Ljava/lang/String;Lorg/jsoup/nodes/Attributes;)V
449,0,org.jsoup.nodes.Node:<init>(Ljava/lang/String;)V
538,0,org.jsoup.nodes.Document:<init>(Ljava/lang/String;)V
583,1,org.jsoup.nodes.DocumentType:<init>(Ljava/lang/String;Ljava/lang/String;Ljava/lang/String;Ljava/lang/String;)V
627,0,org.jsoup.helper.DescendableLinkedList:<init>()V
660,0,org.jsoup.helper.Validate:notNull(Ljava/lang/Object;)V
661,0,org.jsoup.helper.Validate:notNull(Ljava/lang/Object;Ljava/lang/String;)V
665,0,org.jsoup.helper.Validate:isFalse(ZLjava/lang/String;)V
668,0,org.jsoup.helper.Validate:notEmpty(Ljava/lang/String;)V
809,0,org.jsoup.parser.HtmlTreeBuilderState$1:process(Lorg/jsoup/parser/Token;Lorg/jsoup/parser/HtmlTreeBuilder;)Z
810,0,org.jsoup.parser.CharacterReader:<init>(Ljava/lang/String;)V
812,0,org.jsoup.parser.CharacterReader:isEmpty()Z
813,0,org.jsoup.parser.CharacterReader:current()C
814,0,org.jsoup.parser.CharacterReader:consume()C
816,0,org.jsoup.parser.CharacterReader:advance()V
831,0,org.jsoup.parser.CharacterReader:matches(Ljava/lang/String;)Z
832,0,org.jsoup.parser.CharacterReader:matchesIgnoreCase(Ljava/lang/String;)Z
834,0,org.jsoup.parser.CharacterReader:matchesLetter()Z
836,0,org.jsoup.parser.CharacterReader:matchConsume(Ljava/lang/String;)Z
837,0,org.jsoup.parser.CharacterReader:matchConsumeIgnoreCase(Ljava/lang/String;)Z
878,0,org.jsoup.parser.Parser:parse(Ljava/lang/String;Ljava/lang/String;)Lorg/jsoup/nodes/Document;
895,0,org.jsoup.parser.TokeniserState$44:read(Lorg/jsoup/parser/Tokeniser;Lorg/jsoup/parser/CharacterReader;)V
938,0,org.jsoup.parser.HtmlTreeBuilder:<init>()V
939,0,org.jsoup.parser.HtmlTreeBuilder:parse(Ljava/lang/String;Ljava/lang/String;Lorg/jsoup/parser/ParseErrorList;)Lorg/jsoup/nodes/Document;
941,0,org.jsoup.parser.HtmlTreeBuilder:process(Lorg/jsoup/parser/Token;)Z
950,0,org.jsoup.parser.HtmlTreeBuilder:getBaseUri()Ljava/lang/String;
1021,0,org.jsoup.parser.ParseErrorList:<init>(II)V
1022,0,org.jsoup.parser.ParseErrorList:canAddError()Z
1024,0,org.jsoup.parser.ParseErrorList:noTracking()Lorg/jsoup/parser/ParseErrorList;
1044,1,org.jsoup.parser.TokeniserState$51:read(Lorg/jsoup/parser/Tokeniser;Lorg/jsoup/parser/CharacterReader;)V
1071,0,org.jsoup.parser.TokeniserState$8:read(Lorg/jsoup/parser/Tokeniser;Lorg/jsoup/parser/CharacterReader;)V
1077,0,org.jsoup.parser.Tag:<init>(Ljava/lang/String;)V
1079,0,org.jsoup.parser.Tag:valueOf(Ljava/lang/String;)Lorg/jsoup/parser/Tag;
1109,0,org.jsoup.parser.TokeniserState$1:read(Lorg/jsoup/parser/Tokeniser;Lorg/jsoup/parser/CharacterReader;)V
1144,1,org.jsoup.parser.TokeniserState$52:read(Lorg/jsoup/parser/Tokeniser;Lorg/jsoup/parser/CharacterReader;)V
1178,0,org.jsoup.parser.Token$Doctype:<init>()V
1179,0,org.jsoup.parser.Token$Doctype:getName()Ljava/lang/String;
1180,0,org.jsoup.parser.Token$Doctype:getPublicIdentifier()Ljava/lang/String;
1181,0,org.jsoup.parser.Token$Doctype:getSystemIdentifier()Ljava/lang/String;
1205,0,org.jsoup.parser.HtmlTreeBuilderState:isWhitespace(Lorg/jsoup/parser/Token;)Z
1209,0,org.jsoup.parser.HtmlTreeBuilderState:access$100(Lorg/jsoup/parser/Token;)Z
1214,0,org.jsoup.parser.Token:<init>()V
1216,0,org.jsoup.parser.Token:isDoctype()Z
1217,0,org.jsoup.parser.Token:asDoctype()Lorg/jsoup/parser/Token$Doctype;
1222,0,org.jsoup.parser.Token:isComment()Z
1224,0,org.jsoup.parser.Token:isCharacter()Z
1227,0,org.jsoup.parser.Token:<init>(Lorg/jsoup/parser/Token$1;)V
1240,0,org.jsoup.parser.Tokeniser:<init>(Lorg/jsoup/parser/CharacterReader;Lorg/jsoup/parser/ParseErrorList;)V
1241,0,org.jsoup.parser.Tokeniser:read()Lorg/jsoup/parser/Token;
1242,0,org.jsoup.parser.Tokeniser:emit(Lorg/jsoup/parser/Token;)V
1247,0,org.jsoup.parser.Tokeniser:transition(Lorg/jsoup/parser/TokeniserState;)V
1248,0,org.jsoup.parser.Tokeniser:advanceTransition(Lorg/jsoup/parser/TokeniserState;)V
1255,0,org.jsoup.parser.Tokeniser:createDoctypePending()V
1256,0,org.jsoup.parser.Tokeniser:emitDoctypePending()V
1260,0,org.jsoup.parser.Tokeniser:error(Lorg/jsoup/parser/TokeniserState;)V
1261,0,org.jsoup.parser.Tokeniser:eofError(Lorg/jsoup/parser/TokeniserState;)V
1301,0,org.jsoup.parser.TreeBuilder:<init>()V
1302,0,org.jsoup.parser.TreeBuilder:initialiseParse(Ljava/lang/String;Ljava/lang/String;Lorg/jsoup/parser/ParseErrorList;)V
1304,0,org.jsoup.parser.TreeBuilder:parse(Ljava/lang/String;Ljava/lang/String;Lorg/jsoup/parser/ParseErrorList;)Lorg/jsoup/nodes/Document;
1305,0,org.jsoup.parser.TreeBuilder:runParser()V
1310,0,org.jsoup.Jsoup:parse(Ljava/lang/String;)Lorg/jsoup/nodes/Document;
