7,0,org.apache.commons.jxpath.BasicVariables:<init>()V
10,0,org.apache.commons.jxpath.BasicVariables:declareVariable(Ljava/lang/String;Ljava/lang/Object;)V
13,0,org.apache.commons.jxpath.AbstractFactory:<init>()V
41,0,org.apache.commons.jxpath.xml.XMLParser2:<init>()V
42,0,org.apache.commons.jxpath.xml.XMLParser2:setValidating(Z)V
43,0,org.apache.commons.jxpath.xml.XMLParser2:isValidating()Z
44,0,org.apache.commons.jxpath.xml.XMLParser2:isNamespaceAware()Z
45,0,org.apache.commons.jxpath.xml.XMLParser2:setNamespaceAware(Z)V
46,0,org.apache.commons.jxpath.xml.XMLParser2:setIgnoringElementContentWhitespace(Z)V
47,0,org.apache.commons.jxpath.xml.XMLParser2:isIgnoringElementContentWhitespace()Z
48,0,org.apache.commons.jxpath.xml.XMLParser2:isExpandEntityReferences()Z
49,0,org.apache.commons.jxpath.xml.XMLParser2:setExpandEntityReferences(Z)V
50,0,org.apache.commons.jxpath.xml.XMLParser2:isIgnoringComments()Z
51,0,org.apache.commons.jxpath.xml.XMLParser2:setIgnoringComments(Z)V
52,0,org.apache.commons.jxpath.xml.XMLParser2:isCoalescing()Z
53,0,org.apache.commons.jxpath.xml.XMLParser2:setCoalescing(Z)V
55,0,org.apache.commons.jxpath.xml.DOMParser:parseXML(Ljava/io/InputStream;)Ljava/lang/Object;
59,0,org.apache.commons.jxpath.xml.DocumentContainer:<init>(Ljava/net/URL;Ljava/lang/String;)V
60,0,org.apache.commons.jxpath.xml.DocumentContainer:getValue()Ljava/lang/Object;
61,0,org.apache.commons.jxpath.xml.DocumentContainer:parseXML(Ljava/io/InputStream;)Ljava/lang/Object;
63,0,org.apache.commons.jxpath.xml.DocumentContainer:getParser(Ljava/lang/String;)Lorg/apache/commons/jxpath/xml/XMLParser;
66,0,org.apache.commons.jxpath.xml.JDOMParser:parseXML(Ljava/io/InputStream;)Ljava/lang/Object;
83,0,org.apache.commons.jxpath.JXPathContext:newContext(Ljava/lang/Object;)Lorg/apache/commons/jxpath/JXPathContext;
85,0,org.apache.commons.jxpath.JXPathContext:getContextFactory()Lorg/apache/commons/jxpath/JXPathContextFactory;
86,0,org.apache.commons.jxpath.JXPathContext:<init>(Lorg/apache/commons/jxpath/JXPathContext;Ljava/lang/Object;)V
90,0,org.apache.commons.jxpath.JXPathContext:getVariables()Lorg/apache/commons/jxpath/Variables;
93,0,org.apache.commons.jxpath.JXPathContext:setFactory(Lorg/apache/commons/jxpath/AbstractFactory;)V
96,0,org.apache.commons.jxpath.JXPathContext:getLocale()Ljava/util/Locale;
99,0,org.apache.commons.jxpath.JXPathContext:setLenient(Z)V
100,0,org.apache.commons.jxpath.JXPathContext:isLenient()Z
139,0,org.apache.commons.jxpath.ri.Parser:parseExpression(Ljava/lang/String;Lorg/apache/commons/jxpath/ri/Compiler;)Ljava/lang/Object;
150,0,org.apache.commons.jxpath.ri.axes.SimplePathInterpreter:interpretSimpleLocationPath(Lorg/apache/commons/jxpath/ri/EvalContext;Lorg/apache/commons/jxpath/ri/model/NodePointer;[Lorg/apache/commons/jxpath/ri/compiler/Step;)Lorg/apache/commons/jxpath/ri/model/NodePointer;
152,0,org.apache.commons.jxpath.ri.axes.SimplePathInterpreter:doStep(Lorg/apache/commons/jxpath/ri/EvalContext;Lorg/apache/commons/jxpath/ri/model/NodePointer;[Lorg/apache/commons/jxpath/ri/compiler/Step;I)Lorg/apache/commons/jxpath/ri/model/NodePointer;
154,0,org.apache.commons.jxpath.ri.axes.SimplePathInterpreter:doStepNoPredicatesStandard(Lorg/apache/commons/jxpath/ri/EvalContext;Lorg/apache/commons/jxpath/ri/model/NodePointer;[Lorg/apache/commons/jxpath/ri/compiler/Step;I)Lorg/apache/commons/jxpath/ri/model/NodePointer;
164,0,org.apache.commons.jxpath.ri.axes.SimplePathInterpreter:computeQuality(Lorg/apache/commons/jxpath/ri/model/NodePointer;)I
167,0,org.apache.commons.jxpath.ri.axes.SimplePathInterpreter:valuePointer(Lorg/apache/commons/jxpath/ri/model/NodePointer;)Lorg/apache/commons/jxpath/ri/model/NodePointer;
170,0,org.apache.commons.jxpath.ri.axes.SimplePathInterpreter:getNodeIterator(Lorg/apache/commons/jxpath/ri/EvalContext;Lorg/apache/commons/jxpath/ri/model/NodePointer;Lorg/apache/commons/jxpath/ri/compiler/Step;)Lorg/apache/commons/jxpath/ri/model/NodeIterator;
173,0,org.apache.commons.jxpath.ri.axes.InitialContext:<init>(Lorg/apache/commons/jxpath/ri/EvalContext;)V
174,0,org.apache.commons.jxpath.ri.axes.InitialContext:getSingleNodePointer()Lorg/apache/commons/jxpath/Pointer;
175,0,org.apache.commons.jxpath.ri.axes.InitialContext:getCurrentNodePointer()Lorg/apache/commons/jxpath/ri/model/NodePointer;
177,0,org.apache.commons.jxpath.ri.axes.InitialContext:nextNode()Z
178,0,org.apache.commons.jxpath.ri.axes.InitialContext:setPosition(I)Z
179,0,org.apache.commons.jxpath.ri.axes.InitialContext:nextSet()Z
187,0,org.apache.commons.jxpath.ri.axes.PrecedingOrFollowingContext:<init>(Lorg/apache/commons/jxpath/ri/EvalContext;Lorg/apache/commons/jxpath/ri/compiler/NodeTest;Z)V
190,0,org.apache.commons.jxpath.ri.axes.PrecedingOrFollowingContext:reset()V
192,1,org.apache.commons.jxpath.ri.axes.PrecedingOrFollowingContext:nextNode()Z
202,0,org.apache.commons.jxpath.ri.axes.ChildContext:<init>(Lorg/apache/commons/jxpath/ri/EvalContext;Lorg/apache/commons/jxpath/ri/compiler/NodeTest;ZZ)V
203,0,org.apache.commons.jxpath.ri.axes.ChildContext:getCurrentNodePointer()Lorg/apache/commons/jxpath/ri/model/NodePointer;
204,0,org.apache.commons.jxpath.ri.axes.ChildContext:getSingleNodePointer()Lorg/apache/commons/jxpath/Pointer;
205,0,org.apache.commons.jxpath.ri.axes.ChildContext:nextNode()Z
206,0,org.apache.commons.jxpath.ri.axes.ChildContext:reset()V
207,0,org.apache.commons.jxpath.ri.axes.ChildContext:setPosition(I)Z
208,0,org.apache.commons.jxpath.ri.axes.ChildContext:prepare()V
214,0,org.apache.commons.jxpath.ri.axes.PredicateContext:<init>(Lorg/apache/commons/jxpath/ri/EvalContext;Lorg/apache/commons/jxpath/ri/compiler/Expression;)V
215,0,org.apache.commons.jxpath.ri.axes.PredicateContext:nextNode()Z
216,0,org.apache.commons.jxpath.ri.axes.PredicateContext:setupDynamicPropertyPointer()Z
218,0,org.apache.commons.jxpath.ri.axes.PredicateContext:getCurrentNodePointer()Lorg/apache/commons/jxpath/ri/model/NodePointer;
219,0,org.apache.commons.jxpath.ri.axes.PredicateContext:reset()V
220,0,org.apache.commons.jxpath.ri.axes.PredicateContext:nextSet()Z
233,0,org.apache.commons.jxpath.ri.axes.DescendantContext:<init>(Lorg/apache/commons/jxpath/ri/EvalContext;ZLorg/apache/commons/jxpath/ri/compiler/NodeTest;)V
235,0,org.apache.commons.jxpath.ri.axes.DescendantContext:getCurrentNodePointer()Lorg/apache/commons/jxpath/ri/model/NodePointer;
236,0,org.apache.commons.jxpath.ri.axes.DescendantContext:reset()V
238,0,org.apache.commons.jxpath.ri.axes.DescendantContext:nextNode()Z
239,0,org.apache.commons.jxpath.ri.axes.DescendantContext:isRecursive()Z
241,0,org.apache.commons.jxpath.ri.axes.RootContext:<init>(Lorg/apache/commons/jxpath/ri/JXPathContextReferenceImpl;Lorg/apache/commons/jxpath/ri/model/NodePointer;)V
243,0,org.apache.commons.jxpath.ri.axes.RootContext:getRootContext()Lorg/apache/commons/jxpath/ri/axes/RootContext;
244,0,org.apache.commons.jxpath.ri.axes.RootContext:getAbsoluteRootContext()Lorg/apache/commons/jxpath/ri/EvalContext;
245,0,org.apache.commons.jxpath.ri.axes.RootContext:getCurrentNodePointer()Lorg/apache/commons/jxpath/ri/model/NodePointer;
260,0,org.apache.commons.jxpath.ri.EvalContext:<init>(Lorg/apache/commons/jxpath/ri/EvalContext;)V
276,0,org.apache.commons.jxpath.ri.EvalContext:getRootContext()Lorg/apache/commons/jxpath/ri/axes/RootContext;
277,0,org.apache.commons.jxpath.ri.EvalContext:reset()V
278,0,org.apache.commons.jxpath.ri.EvalContext:getCurrentPosition()I
279,0,org.apache.commons.jxpath.ri.EvalContext:getSingleNodePointer()Lorg/apache/commons/jxpath/Pointer;
280,0,org.apache.commons.jxpath.ri.EvalContext:nextSet()Z
281,0,org.apache.commons.jxpath.ri.EvalContext:setPosition(I)Z
301,0,org.apache.commons.jxpath.ri.compiler.TreeCompiler:number(Ljava/lang/String;)Ljava/lang/Object;
303,0,org.apache.commons.jxpath.ri.compiler.TreeCompiler:qname(Ljava/lang/String;Ljava/lang/String;)Ljava/lang/Object;
322,0,org.apache.commons.jxpath.ri.compiler.TreeCompiler:locationPath(Z[Ljava/lang/Object;)Ljava/lang/Object;
324,0,org.apache.commons.jxpath.ri.compiler.TreeCompiler:nodeNameTest(Ljava/lang/Object;)Ljava/lang/Object;
325,0,org.apache.commons.jxpath.ri.compiler.TreeCompiler:nodeTypeTest(I)Ljava/lang/Object;
327,0,org.apache.commons.jxpath.ri.compiler.TreeCompiler:step(ILjava/lang/Object;[Ljava/lang/Object;)Ljava/lang/Object;
328,0,org.apache.commons.jxpath.ri.compiler.TreeCompiler:toExpressionArray([Ljava/lang/Object;)[Lorg/apache/commons/jxpath/ri/compiler/Expression;
329,0,org.apache.commons.jxpath.ri.compiler.TreeCompiler:toStepArray([Ljava/lang/Object;)[Lorg/apache/commons/jxpath/ri/compiler/Step;
332,0,org.apache.commons.jxpath.ri.compiler.Path:<init>([Lorg/apache/commons/jxpath/ri/compiler/Step;)V
333,0,org.apache.commons.jxpath.ri.compiler.Path:getSteps()[Lorg/apache/commons/jxpath/ri/compiler/Step;
335,0,org.apache.commons.jxpath.ri.compiler.Path:isSimplePath()Z
336,0,org.apache.commons.jxpath.ri.compiler.Path:isSimpleStep(Lorg/apache/commons/jxpath/ri/compiler/Step;)Z
338,0,org.apache.commons.jxpath.ri.compiler.Path:getSingleNodePointerForSteps(Lorg/apache/commons/jxpath/ri/EvalContext;)Lorg/apache/commons/jxpath/Pointer;
339,0,org.apache.commons.jxpath.ri.compiler.Path:searchForPath(Lorg/apache/commons/jxpath/ri/EvalContext;)Lorg/apache/commons/jxpath/Pointer;
341,0,org.apache.commons.jxpath.ri.compiler.Path:buildContextChain(Lorg/apache/commons/jxpath/ri/EvalContext;IZ)Lorg/apache/commons/jxpath/ri/EvalContext;
342,0,org.apache.commons.jxpath.ri.compiler.Path:createContextForStep(Lorg/apache/commons/jxpath/ri/EvalContext;ILorg/apache/commons/jxpath/ri/compiler/NodeTest;)Lorg/apache/commons/jxpath/ri/EvalContext;
343,0,org.apache.commons.jxpath.ri.compiler.Constant:<init>(Ljava/lang/Number;)V
346,0,org.apache.commons.jxpath.ri.compiler.Constant:computeValue(Lorg/apache/commons/jxpath/ri/EvalContext;)Ljava/lang/Object;
362,0,org.apache.commons.jxpath.ri.compiler.NodeNameTest:<init>(Lorg/apache/commons/jxpath/ri/QName;)V
364,0,org.apache.commons.jxpath.ri.compiler.NodeNameTest:getNodeName()Lorg/apache/commons/jxpath/ri/QName;
365,0,org.apache.commons.jxpath.ri.compiler.NodeNameTest:getNamespaceURI()Ljava/lang/String;
366,0,org.apache.commons.jxpath.ri.compiler.NodeNameTest:isWildcard()Z
377,0,org.apache.commons.jxpath.ri.compiler.Expression:<init>()V
401,0,org.apache.commons.jxpath.ri.compiler.Step:<init>(ILorg/apache/commons/jxpath/ri/compiler/NodeTest;[Lorg/apache/commons/jxpath/ri/compiler/Expression;)V
402,0,org.apache.commons.jxpath.ri.compiler.Step:getAxis()I
403,0,org.apache.commons.jxpath.ri.compiler.Step:getNodeTest()Lorg/apache/commons/jxpath/ri/compiler/NodeTest;
404,0,org.apache.commons.jxpath.ri.compiler.Step:getPredicates()[Lorg/apache/commons/jxpath/ri/compiler/Expression;
516,0,org.apache.commons.jxpath.ri.compiler.NodeTest:<init>()V
517,0,org.apache.commons.jxpath.ri.compiler.NodeTypeTest:<init>(I)V
518,0,org.apache.commons.jxpath.ri.compiler.NodeTypeTest:getNodeType()I
521,0,org.apache.commons.jxpath.ri.compiler.LocationPath:<init>(Z[Lorg/apache/commons/jxpath/ri/compiler/Step;)V
522,0,org.apache.commons.jxpath.ri.compiler.LocationPath:isAbsolute()Z
526,0,org.apache.commons.jxpath.ri.compiler.LocationPath:computeValue(Lorg/apache/commons/jxpath/ri/EvalContext;)Ljava/lang/Object;
548,0,org.apache.commons.jxpath.ri.model.jdom.JDOMNodeIterator:<init>(Lorg/apache/commons/jxpath/ri/model/NodePointer;Lorg/apache/commons/jxpath/ri/compiler/NodeTest;ZLorg/apache/commons/jxpath/ri/model/NodePointer;)V
549,0,org.apache.commons.jxpath.ri.model.jdom.JDOMNodeIterator:getNodePointer()Lorg/apache/commons/jxpath/ri/model/NodePointer;
550,0,org.apache.commons.jxpath.ri.model.jdom.JDOMNodeIterator:getPosition()I
551,0,org.apache.commons.jxpath.ri.model.jdom.JDOMNodeIterator:setPosition(I)Z
553,0,org.apache.commons.jxpath.ri.model.jdom.JDOMNodeIterator:next()Z
554,0,org.apache.commons.jxpath.ri.model.jdom.JDOMNodeIterator:testChild()Z
574,0,org.apache.commons.jxpath.ri.model.jdom.JDOMPointerFactory:createNodePointer(Lorg/apache/commons/jxpath/ri/QName;Ljava/lang/Object;Ljava/util/Locale;)Lorg/apache/commons/jxpath/ri/model/NodePointer;
575,0,org.apache.commons.jxpath.ri.model.jdom.JDOMPointerFactory:createNodePointer(Lorg/apache/commons/jxpath/ri/model/NodePointer;Lorg/apache/commons/jxpath/ri/QName;Ljava/lang/Object;)Lorg/apache/commons/jxpath/ri/model/NodePointer;
596,0,org.apache.commons.jxpath.ri.model.jdom.JDOMNodePointer:<init>(Lorg/apache/commons/jxpath/ri/model/NodePointer;Ljava/lang/Object;)V
597,0,org.apache.commons.jxpath.ri.model.jdom.JDOMNodePointer:childIterator(Lorg/apache/commons/jxpath/ri/compiler/NodeTest;ZLorg/apache/commons/jxpath/ri/model/NodePointer;)Lorg/apache/commons/jxpath/ri/model/NodeIterator;
601,0,org.apache.commons.jxpath.ri.model.jdom.JDOMNodePointer:getNamespaceURI()Ljava/lang/String;
602,0,org.apache.commons.jxpath.ri.model.jdom.JDOMNodePointer:getNamespaceURI(Ljava/lang/Object;)Ljava/lang/String;
609,0,org.apache.commons.jxpath.ri.model.jdom.JDOMNodePointer:isLeaf()Z
611,0,org.apache.commons.jxpath.ri.model.jdom.JDOMNodePointer:getImmediateNode()Ljava/lang/Object;
615,0,org.apache.commons.jxpath.ri.model.jdom.JDOMNodePointer:testNode(Lorg/apache/commons/jxpath/ri/compiler/NodeTest;)Z
616,0,org.apache.commons.jxpath.ri.model.jdom.JDOMNodePointer:testNode(Lorg/apache/commons/jxpath/ri/model/NodePointer;Ljava/lang/Object;Lorg/apache/commons/jxpath/ri/compiler/NodeTest;)Z
617,0,org.apache.commons.jxpath.ri.model.jdom.JDOMNodePointer:equalStrings(Ljava/lang/String;Ljava/lang/String;)Z
619,0,org.apache.commons.jxpath.ri.model.jdom.JDOMNodePointer:getLocalName(Ljava/lang/Object;)Ljava/lang/String;
628,0,org.apache.commons.jxpath.ri.model.jdom.JDOMNodePointer:asPath()Ljava/lang/String;
630,0,org.apache.commons.jxpath.ri.model.jdom.JDOMNodePointer:getRelativePositionByName()I
681,0,org.apache.commons.jxpath.ri.model.container.ContainerPointerFactory:createNodePointer(Lorg/apache/commons/jxpath/ri/QName;Ljava/lang/Object;Ljava/util/Locale;)Lorg/apache/commons/jxpath/ri/model/NodePointer;
683,0,org.apache.commons.jxpath.ri.model.container.ContainerPointer:<init>(Lorg/apache/commons/jxpath/Container;Ljava/util/Locale;)V
686,0,org.apache.commons.jxpath.ri.model.container.ContainerPointer:getName()Lorg/apache/commons/jxpath/ri/QName;
687,0,org.apache.commons.jxpath.ri.model.container.ContainerPointer:getBaseValue()Ljava/lang/Object;
689,0,org.apache.commons.jxpath.ri.model.container.ContainerPointer:getLength()I
690,0,org.apache.commons.jxpath.ri.model.container.ContainerPointer:isLeaf()Z
691,0,org.apache.commons.jxpath.ri.model.container.ContainerPointer:getImmediateNode()Ljava/lang/Object;
693,0,org.apache.commons.jxpath.ri.model.container.ContainerPointer:getImmediateValuePointer()Lorg/apache/commons/jxpath/ri/model/NodePointer;
696,0,org.apache.commons.jxpath.ri.model.container.ContainerPointer:childIterator(Lorg/apache/commons/jxpath/ri/compiler/NodeTest;ZLorg/apache/commons/jxpath/ri/model/NodePointer;)Lorg/apache/commons/jxpath/ri/model/NodeIterator;
700,0,org.apache.commons.jxpath.ri.model.container.ContainerPointer:testNode(Lorg/apache/commons/jxpath/ri/compiler/NodeTest;)Z
703,0,org.apache.commons.jxpath.ri.model.container.ContainerPointer:asPath()Ljava/lang/String;
836,0,org.apache.commons.jxpath.ri.model.beans.CollectionPointerFactory:createNodePointer(Lorg/apache/commons/jxpath/ri/QName;Ljava/lang/Object;Ljava/util/Locale;)Lorg/apache/commons/jxpath/ri/model/NodePointer;
837,0,org.apache.commons.jxpath.ri.model.beans.CollectionPointerFactory:createNodePointer(Lorg/apache/commons/jxpath/ri/model/NodePointer;Lorg/apache/commons/jxpath/ri/QName;Ljava/lang/Object;)Lorg/apache/commons/jxpath/ri/model/NodePointer;
936,0,org.apache.commons.jxpath.ri.model.NodePointer:newNodePointer(Lorg/apache/commons/jxpath/ri/QName;Ljava/lang/Object;Ljava/util/Locale;)Lorg/apache/commons/jxpath/ri/model/NodePointer;
937,0,org.apache.commons.jxpath.ri.model.NodePointer:newChildNodePointer(Lorg/apache/commons/jxpath/ri/model/NodePointer;Lorg/apache/commons/jxpath/ri/QName;Ljava/lang/Object;)Lorg/apache/commons/jxpath/ri/model/NodePointer;
938,0,org.apache.commons.jxpath.ri.model.NodePointer:<init>(Lorg/apache/commons/jxpath/ri/model/NodePointer;)V
939,0,org.apache.commons.jxpath.ri.model.NodePointer:<init>(Lorg/apache/commons/jxpath/ri/model/NodePointer;Ljava/util/Locale;)V
941,0,org.apache.commons.jxpath.ri.model.NodePointer:setNamespaceResolver(Lorg/apache/commons/jxpath/ri/NamespaceResolver;)V
942,0,org.apache.commons.jxpath.ri.model.NodePointer:getParent()Lorg/apache/commons/jxpath/ri/model/NodePointer;
948,0,org.apache.commons.jxpath.ri.model.NodePointer:isContainer()Z
949,0,org.apache.commons.jxpath.ri.model.NodePointer:getIndex()I
950,0,org.apache.commons.jxpath.ri.model.NodePointer:setIndex(I)V
952,0,org.apache.commons.jxpath.ri.model.NodePointer:getValuePointer()Lorg/apache/commons/jxpath/ri/model/NodePointer;
953,0,org.apache.commons.jxpath.ri.model.NodePointer:getImmediateValuePointer()Lorg/apache/commons/jxpath/ri/model/NodePointer;
954,0,org.apache.commons.jxpath.ri.model.NodePointer:isActual()Z
956,0,org.apache.commons.jxpath.ri.model.NodePointer:getNode()Ljava/lang/Object;
980,0,org.apache.commons.jxpath.ri.model.NodePointer:clone()Ljava/lang/Object;
981,0,org.apache.commons.jxpath.ri.model.NodePointer:toString()Ljava/lang/String;
1018,0,org.apache.commons.jxpath.ri.model.dom.DOMPointerFactory:createNodePointer(Lorg/apache/commons/jxpath/ri/QName;Ljava/lang/Object;Ljava/util/Locale;)Lorg/apache/commons/jxpath/ri/model/NodePointer;
1019,0,org.apache.commons.jxpath.ri.model.dom.DOMPointerFactory:createNodePointer(Lorg/apache/commons/jxpath/ri/model/NodePointer;Lorg/apache/commons/jxpath/ri/QName;Ljava/lang/Object;)Lorg/apache/commons/jxpath/ri/model/NodePointer;
1020,0,org.apache.commons.jxpath.ri.model.dom.DOMNodeIterator:<init>(Lorg/apache/commons/jxpath/ri/model/NodePointer;Lorg/apache/commons/jxpath/ri/compiler/NodeTest;ZLorg/apache/commons/jxpath/ri/model/NodePointer;)V
1021,0,org.apache.commons.jxpath.ri.model.dom.DOMNodeIterator:getNodePointer()Lorg/apache/commons/jxpath/ri/model/NodePointer;
1022,0,org.apache.commons.jxpath.ri.model.dom.DOMNodeIterator:getPosition()I
1023,0,org.apache.commons.jxpath.ri.model.dom.DOMNodeIterator:setPosition(I)Z
1025,0,org.apache.commons.jxpath.ri.model.dom.DOMNodeIterator:next()Z
1026,0,org.apache.commons.jxpath.ri.model.dom.DOMNodeIterator:testChild()Z
1029,0,org.apache.commons.jxpath.ri.model.dom.DOMNodePointer:<init>(Lorg/apache/commons/jxpath/ri/model/NodePointer;Lorg/w3c/dom/Node;)V
1030,0,org.apache.commons.jxpath.ri.model.dom.DOMNodePointer:testNode(Lorg/apache/commons/jxpath/ri/compiler/NodeTest;)Z
1031,0,org.apache.commons.jxpath.ri.model.dom.DOMNodePointer:testNode(Lorg/w3c/dom/Node;Lorg/apache/commons/jxpath/ri/compiler/NodeTest;)Z
1032,0,org.apache.commons.jxpath.ri.model.dom.DOMNodePointer:equalStrings(Ljava/lang/String;Ljava/lang/String;)Z
1034,0,org.apache.commons.jxpath.ri.model.dom.DOMNodePointer:getNamespaceURI()Ljava/lang/String;
1035,0,org.apache.commons.jxpath.ri.model.dom.DOMNodePointer:childIterator(Lorg/apache/commons/jxpath/ri/compiler/NodeTest;ZLorg/apache/commons/jxpath/ri/model/NodePointer;)Lorg/apache/commons/jxpath/ri/model/NodeIterator;
1043,0,org.apache.commons.jxpath.ri.model.dom.DOMNodePointer:getImmediateNode()Ljava/lang/Object;
1044,0,org.apache.commons.jxpath.ri.model.dom.DOMNodePointer:isActual()Z
1047,0,org.apache.commons.jxpath.ri.model.dom.DOMNodePointer:isLeaf()Z
1056,0,org.apache.commons.jxpath.ri.model.dom.DOMNodePointer:asPath()Ljava/lang/String;
1058,0,org.apache.commons.jxpath.ri.model.dom.DOMNodePointer:getRelativePositionByName()I
1064,0,org.apache.commons.jxpath.ri.model.dom.DOMNodePointer:getPrefix(Lorg/w3c/dom/Node;)Ljava/lang/String;
1065,0,org.apache.commons.jxpath.ri.model.dom.DOMNodePointer:getLocalName(Lorg/w3c/dom/Node;)Ljava/lang/String;
1066,0,org.apache.commons.jxpath.ri.model.dom.DOMNodePointer:getNamespaceURI(Lorg/w3c/dom/Node;)Ljava/lang/String;
1119,0,org.apache.commons.jxpath.ri.parser.XPathParser:setCompiler(Lorg/apache/commons/jxpath/ri/Compiler;)V
1121,0,org.apache.commons.jxpath.ri.parser.XPathParser:NCName()Ljava/lang/String;
1122,0,org.apache.commons.jxpath.ri.parser.XPathParser:NCName_Without_CoreFunctions()Ljava/lang/String;
1126,0,org.apache.commons.jxpath.ri.parser.XPathParser:parseExpression()Ljava/lang/Object;
1127,0,org.apache.commons.jxpath.ri.parser.XPathParser:LocationPath()Ljava/lang/Object;
1128,0,org.apache.commons.jxpath.ri.parser.XPathParser:AbsoluteLocationPath()Ljava/lang/Object;
1130,0,org.apache.commons.jxpath.ri.parser.XPathParser:LocationStep(Ljava/util/ArrayList;)V
1131,0,org.apache.commons.jxpath.ri.parser.XPathParser:NodeTest(Ljava/util/ArrayList;)V
1132,0,org.apache.commons.jxpath.ri.parser.XPathParser:AxisSpecifier()I
1133,0,org.apache.commons.jxpath.ri.parser.XPathParser:AxisName()I
1134,0,org.apache.commons.jxpath.ri.parser.XPathParser:Predicate()Ljava/lang/Object;
1135,0,org.apache.commons.jxpath.ri.parser.XPathParser:AbbreviatedAxisSpecifier()I
1136,0,org.apache.commons.jxpath.ri.parser.XPathParser:Expression()Ljava/lang/Object;
1137,0,org.apache.commons.jxpath.ri.parser.XPathParser:PrimaryExpr()Ljava/lang/Object;
1142,0,org.apache.commons.jxpath.ri.parser.XPathParser:UnionExpr()Ljava/lang/Object;
1143,0,org.apache.commons.jxpath.ri.parser.XPathParser:PathExpr()Ljava/lang/Object;
1144,0,org.apache.commons.jxpath.ri.parser.XPathParser:FilterExpr()Ljava/lang/Object;
1145,0,org.apache.commons.jxpath.ri.parser.XPathParser:OrExpr()Ljava/lang/Object;
1146,0,org.apache.commons.jxpath.ri.parser.XPathParser:AndExpr()Ljava/lang/Object;
1147,0,org.apache.commons.jxpath.ri.parser.XPathParser:EqualityExpr()Ljava/lang/Object;
1148,0,org.apache.commons.jxpath.ri.parser.XPathParser:RelationalExpr()Ljava/lang/Object;
1149,0,org.apache.commons.jxpath.ri.parser.XPathParser:AdditiveExpr()Ljava/lang/Object;
1150,0,org.apache.commons.jxpath.ri.parser.XPathParser:SubtractiveExpr()Ljava/lang/Object;
1151,0,org.apache.commons.jxpath.ri.parser.XPathParser:MultiplicativeExpr()Ljava/lang/Object;
1152,0,org.apache.commons.jxpath.ri.parser.XPathParser:UnaryExpr()Ljava/lang/Object;
1155,0,org.apache.commons.jxpath.ri.parser.XPathParser:WildcardName()Ljava/lang/Object;
1156,0,org.apache.commons.jxpath.ri.parser.XPathParser:NodeType()I
1158,0,org.apache.commons.jxpath.ri.parser.XPathParser:jj_2_2(I)Z
1159,0,org.apache.commons.jxpath.ri.parser.XPathParser:jj_2_3(I)Z
1160,0,org.apache.commons.jxpath.ri.parser.XPathParser:jj_2_4(I)Z
1162,0,org.apache.commons.jxpath.ri.parser.XPathParser:jj_2_6(I)Z
1163,0,org.apache.commons.jxpath.ri.parser.XPathParser:jj_3R_65()Z
1164,0,org.apache.commons.jxpath.ri.parser.XPathParser:jj_3R_104()Z
1165,0,org.apache.commons.jxpath.ri.parser.XPathParser:jj_3R_64()Z
1166,0,org.apache.commons.jxpath.ri.parser.XPathParser:jj_3R_63()Z
1167,0,org.apache.commons.jxpath.ri.parser.XPathParser:jj_3R_62()Z
1168,0,org.apache.commons.jxpath.ri.parser.XPathParser:jj_3R_18()Z
1169,0,org.apache.commons.jxpath.ri.parser.XPathParser:jj_3R_111()Z
1170,0,org.apache.commons.jxpath.ri.parser.XPathParser:jj_3R_110()Z
1171,0,org.apache.commons.jxpath.ri.parser.XPathParser:jj_3R_109()Z
1172,0,org.apache.commons.jxpath.ri.parser.XPathParser:jj_3R_108()Z
1173,0,org.apache.commons.jxpath.ri.parser.XPathParser:jj_3R_107()Z
1175,0,org.apache.commons.jxpath.ri.parser.XPathParser:jj_3R_98()Z
1176,0,org.apache.commons.jxpath.ri.parser.XPathParser:jj_3R_171()Z
1177,0,org.apache.commons.jxpath.ri.parser.XPathParser:jj_3R_172()Z
1178,0,org.apache.commons.jxpath.ri.parser.XPathParser:jj_3R_153()Z
1179,0,org.apache.commons.jxpath.ri.parser.XPathParser:jj_3R_130()Z
1180,0,org.apache.commons.jxpath.ri.parser.XPathParser:jj_3R_54()Z
1181,0,org.apache.commons.jxpath.ri.parser.XPathParser:jj_3R_170()Z
1182,0,org.apache.commons.jxpath.ri.parser.XPathParser:jj_3R_53()Z
1183,0,org.apache.commons.jxpath.ri.parser.XPathParser:jj_3R_52()Z
1184,0,org.apache.commons.jxpath.ri.parser.XPathParser:jj_3R_51()Z
1185,0,org.apache.commons.jxpath.ri.parser.XPathParser:jj_3R_50()Z
1186,0,org.apache.commons.jxpath.ri.parser.XPathParser:jj_3R_49()Z
1187,0,org.apache.commons.jxpath.ri.parser.XPathParser:jj_3R_48()Z
1188,0,org.apache.commons.jxpath.ri.parser.XPathParser:jj_3R_176()Z
1189,0,org.apache.commons.jxpath.ri.parser.XPathParser:jj_3R_47()Z
1190,0,org.apache.commons.jxpath.ri.parser.XPathParser:jj_3R_175()Z
1191,0,org.apache.commons.jxpath.ri.parser.XPathParser:jj_3R_46()Z
1192,0,org.apache.commons.jxpath.ri.parser.XPathParser:jj_3R_174()Z
1193,0,org.apache.commons.jxpath.ri.parser.XPathParser:jj_3R_45()Z
1194,0,org.apache.commons.jxpath.ri.parser.XPathParser:jj_3R_44()Z
1195,0,org.apache.commons.jxpath.ri.parser.XPathParser:jj_3R_43()Z
1196,0,org.apache.commons.jxpath.ri.parser.XPathParser:jj_3R_42()Z
1197,0,org.apache.commons.jxpath.ri.parser.XPathParser:jj_3R_41()Z
1198,0,org.apache.commons.jxpath.ri.parser.XPathParser:jj_3R_116()Z
1199,0,org.apache.commons.jxpath.ri.parser.XPathParser:jj_3R_40()Z
1200,0,org.apache.commons.jxpath.ri.parser.XPathParser:jj_3R_39()Z
1201,0,org.apache.commons.jxpath.ri.parser.XPathParser:jj_3R_38()Z
1202,0,org.apache.commons.jxpath.ri.parser.XPathParser:jj_3R_37()Z
1203,0,org.apache.commons.jxpath.ri.parser.XPathParser:jj_3R_36()Z
1204,0,org.apache.commons.jxpath.ri.parser.XPathParser:jj_3R_168()Z
1205,0,org.apache.commons.jxpath.ri.parser.XPathParser:jj_3R_35()Z
1206,0,org.apache.commons.jxpath.ri.parser.XPathParser:jj_3R_34()Z
1207,0,org.apache.commons.jxpath.ri.parser.XPathParser:jj_3R_33()Z
1208,0,org.apache.commons.jxpath.ri.parser.XPathParser:jj_3R_32()Z
1209,0,org.apache.commons.jxpath.ri.parser.XPathParser:jj_3R_31()Z
1210,0,org.apache.commons.jxpath.ri.parser.XPathParser:jj_3R_30()Z
1211,0,org.apache.commons.jxpath.ri.parser.XPathParser:jj_3R_29()Z
1212,0,org.apache.commons.jxpath.ri.parser.XPathParser:jj_3R_169()Z
1213,0,org.apache.commons.jxpath.ri.parser.XPathParser:jj_3R_28()Z
1214,0,org.apache.commons.jxpath.ri.parser.XPathParser:jj_3R_27()Z
1215,0,org.apache.commons.jxpath.ri.parser.XPathParser:jj_3R_152()Z
1216,0,org.apache.commons.jxpath.ri.parser.XPathParser:jj_3R_26()Z
1217,0,org.apache.commons.jxpath.ri.parser.XPathParser:jj_3R_25()Z
1218,0,org.apache.commons.jxpath.ri.parser.XPathParser:jj_3R_151()Z
1219,0,org.apache.commons.jxpath.ri.parser.XPathParser:jj_3R_24()Z
1220,0,org.apache.commons.jxpath.ri.parser.XPathParser:jj_3R_150()Z
1221,0,org.apache.commons.jxpath.ri.parser.XPathParser:jj_3R_23()Z
1222,0,org.apache.commons.jxpath.ri.parser.XPathParser:jj_3R_149()Z
1223,0,org.apache.commons.jxpath.ri.parser.XPathParser:jj_3R_163()Z
1224,0,org.apache.commons.jxpath.ri.parser.XPathParser:jj_3R_22()Z
1225,0,org.apache.commons.jxpath.ri.parser.XPathParser:jj_3R_148()Z
1226,0,org.apache.commons.jxpath.ri.parser.XPathParser:jj_3R_21()Z
1227,0,org.apache.commons.jxpath.ri.parser.XPathParser:jj_3R_147()Z
1228,0,org.apache.commons.jxpath.ri.parser.XPathParser:jj_3R_20()Z
1229,0,org.apache.commons.jxpath.ri.parser.XPathParser:jj_3R_146()Z
1230,0,org.apache.commons.jxpath.ri.parser.XPathParser:jj_3R_145()Z
1231,0,org.apache.commons.jxpath.ri.parser.XPathParser:jj_3R_162()Z
1232,0,org.apache.commons.jxpath.ri.parser.XPathParser:jj_3R_144()Z
1233,0,org.apache.commons.jxpath.ri.parser.XPathParser:jj_3R_143()Z
1234,0,org.apache.commons.jxpath.ri.parser.XPathParser:jj_3R_142()Z
1235,0,org.apache.commons.jxpath.ri.parser.XPathParser:jj_3R_15()Z
1236,0,org.apache.commons.jxpath.ri.parser.XPathParser:jj_3R_141()Z
1237,0,org.apache.commons.jxpath.ri.parser.XPathParser:jj_3R_140()Z
1238,0,org.apache.commons.jxpath.ri.parser.XPathParser:jj_3R_129()Z
1239,0,org.apache.commons.jxpath.ri.parser.XPathParser:jj_3R_159()Z
1240,0,org.apache.commons.jxpath.ri.parser.XPathParser:jj_3R_158()Z
1241,0,org.apache.commons.jxpath.ri.parser.XPathParser:jj_3R_122()Z
1242,0,org.apache.commons.jxpath.ri.parser.XPathParser:jj_3R_121()Z
1243,0,org.apache.commons.jxpath.ri.parser.XPathParser:jj_3R_167()Z
1244,0,org.apache.commons.jxpath.ri.parser.XPathParser:jj_3R_112()Z
1245,0,org.apache.commons.jxpath.ri.parser.XPathParser:jj_3R_166()Z
1246,0,org.apache.commons.jxpath.ri.parser.XPathParser:jj_3R_165()Z
1247,0,org.apache.commons.jxpath.ri.parser.XPathParser:jj_3R_157()Z
1248,0,org.apache.commons.jxpath.ri.parser.XPathParser:jj_3R_164()Z
1249,0,org.apache.commons.jxpath.ri.parser.XPathParser:jj_3R_156()Z
1250,0,org.apache.commons.jxpath.ri.parser.XPathParser:jj_3R_161()Z
1251,0,org.apache.commons.jxpath.ri.parser.XPathParser:jj_3R_160()Z
1252,0,org.apache.commons.jxpath.ri.parser.XPathParser:jj_3R_102()Z
1253,0,org.apache.commons.jxpath.ri.parser.XPathParser:jj_3_4()Z
1254,0,org.apache.commons.jxpath.ri.parser.XPathParser:jj_3_3()Z
1257,0,org.apache.commons.jxpath.ri.parser.XPathParser:jj_3R_115()Z
1258,0,org.apache.commons.jxpath.ri.parser.XPathParser:jj_3R_134()Z
1259,0,org.apache.commons.jxpath.ri.parser.XPathParser:jj_3R_114()Z
1260,0,org.apache.commons.jxpath.ri.parser.XPathParser:jj_3R_113()Z
1261,0,org.apache.commons.jxpath.ri.parser.XPathParser:jj_3R_99()Z
1262,0,org.apache.commons.jxpath.ri.parser.XPathParser:jj_3R_135()Z
1263,0,org.apache.commons.jxpath.ri.parser.XPathParser:jj_3R_57()Z
1264,0,org.apache.commons.jxpath.ri.parser.XPathParser:jj_3R_125()Z
1266,0,org.apache.commons.jxpath.ri.parser.XPathParser:jj_3R_56()Z
1267,0,org.apache.commons.jxpath.ri.parser.XPathParser:jj_3R_55()Z
1268,0,org.apache.commons.jxpath.ri.parser.XPathParser:jj_3R_126()Z
1269,0,org.apache.commons.jxpath.ri.parser.XPathParser:jj_3R_16()Z
1271,0,org.apache.commons.jxpath.ri.parser.XPathParser:jj_3R_118()Z
1273,0,org.apache.commons.jxpath.ri.parser.XPathParser:jj_3_2()Z
1274,0,org.apache.commons.jxpath.ri.parser.XPathParser:jj_3R_185()Z
1277,0,org.apache.commons.jxpath.ri.parser.XPathParser:jj_3R_184()Z
1279,0,org.apache.commons.jxpath.ri.parser.XPathParser:jj_3R_182()Z
1280,0,org.apache.commons.jxpath.ri.parser.XPathParser:jj_3_6()Z
1285,0,org.apache.commons.jxpath.ri.parser.XPathParser:jj_3R_180()Z
1286,0,org.apache.commons.jxpath.ri.parser.XPathParser:jj_3R_178()Z
1287,0,org.apache.commons.jxpath.ri.parser.XPathParser:jj_3R_179()Z
1288,0,org.apache.commons.jxpath.ri.parser.XPathParser:jj_3R_177()Z
1293,0,org.apache.commons.jxpath.ri.parser.XPathParser:jj_3R_61()Z
1294,0,org.apache.commons.jxpath.ri.parser.XPathParser:jj_3R_60()Z
1295,0,org.apache.commons.jxpath.ri.parser.XPathParser:jj_3R_59()Z
1296,0,org.apache.commons.jxpath.ri.parser.XPathParser:jj_3R_58()Z
1298,0,org.apache.commons.jxpath.ri.parser.XPathParser:jj_3R_17()Z
1300,0,org.apache.commons.jxpath.ri.parser.XPathParser:jj_3R_139()Z
1301,0,org.apache.commons.jxpath.ri.parser.XPathParser:jj_3R_138()Z
1303,0,org.apache.commons.jxpath.ri.parser.XPathParser:jj_3R_132()Z
1304,0,org.apache.commons.jxpath.ri.parser.XPathParser:jj_3R_105()Z
1306,0,org.apache.commons.jxpath.ri.parser.XPathParser:jj_3R_133()Z
1307,0,org.apache.commons.jxpath.ri.parser.XPathParser:jj_3R_128()Z
1308,0,org.apache.commons.jxpath.ri.parser.XPathParser:jj_3R_131()Z
1309,0,org.apache.commons.jxpath.ri.parser.XPathParser:jj_3R_123()Z
1310,0,org.apache.commons.jxpath.ri.parser.XPathParser:jj_3R_106()Z
1313,0,org.apache.commons.jxpath.ri.parser.XPathParser:jj_3R_103()Z
1314,0,org.apache.commons.jxpath.ri.parser.XPathParser:jj_3R_91()Z
1315,0,org.apache.commons.jxpath.ri.parser.XPathParser:jj_3R_90()Z
1316,0,org.apache.commons.jxpath.ri.parser.XPathParser:jj_3R_89()Z
1317,0,org.apache.commons.jxpath.ri.parser.XPathParser:jj_3R_88()Z
1318,0,org.apache.commons.jxpath.ri.parser.XPathParser:jj_3R_97()Z
1319,0,org.apache.commons.jxpath.ri.parser.XPathParser:jj_3R_87()Z
1320,0,org.apache.commons.jxpath.ri.parser.XPathParser:jj_3R_96()Z
1321,0,org.apache.commons.jxpath.ri.parser.XPathParser:jj_3R_86()Z
1322,0,org.apache.commons.jxpath.ri.parser.XPathParser:jj_3R_95()Z
1323,0,org.apache.commons.jxpath.ri.parser.XPathParser:jj_3R_85()Z
1324,0,org.apache.commons.jxpath.ri.parser.XPathParser:jj_3R_94()Z
1325,0,org.apache.commons.jxpath.ri.parser.XPathParser:jj_3R_84()Z
1326,0,org.apache.commons.jxpath.ri.parser.XPathParser:jj_3R_93()Z
1327,0,org.apache.commons.jxpath.ri.parser.XPathParser:jj_3R_83()Z
1328,0,org.apache.commons.jxpath.ri.parser.XPathParser:jj_3R_92()Z
1329,0,org.apache.commons.jxpath.ri.parser.XPathParser:jj_3R_82()Z
1330,0,org.apache.commons.jxpath.ri.parser.XPathParser:jj_3R_81()Z
1331,0,org.apache.commons.jxpath.ri.parser.XPathParser:jj_3R_120()Z
1332,0,org.apache.commons.jxpath.ri.parser.XPathParser:jj_3R_80()Z
1333,0,org.apache.commons.jxpath.ri.parser.XPathParser:jj_3R_79()Z
1334,0,org.apache.commons.jxpath.ri.parser.XPathParser:jj_3R_78()Z
1335,0,org.apache.commons.jxpath.ri.parser.XPathParser:jj_3R_77()Z
1336,0,org.apache.commons.jxpath.ri.parser.XPathParser:jj_3R_19()Z
1337,0,org.apache.commons.jxpath.ri.parser.XPathParser:jj_3R_76()Z
1338,0,org.apache.commons.jxpath.ri.parser.XPathParser:jj_3R_75()Z
1339,0,org.apache.commons.jxpath.ri.parser.XPathParser:jj_3R_74()Z
1340,0,org.apache.commons.jxpath.ri.parser.XPathParser:jj_3R_73()Z
1341,0,org.apache.commons.jxpath.ri.parser.XPathParser:jj_3R_72()Z
1342,0,org.apache.commons.jxpath.ri.parser.XPathParser:jj_3R_71()Z
1343,0,org.apache.commons.jxpath.ri.parser.XPathParser:jj_3R_70()Z
1344,0,org.apache.commons.jxpath.ri.parser.XPathParser:jj_3R_69()Z
1345,0,org.apache.commons.jxpath.ri.parser.XPathParser:jj_3R_68()Z
1346,0,org.apache.commons.jxpath.ri.parser.XPathParser:jj_3R_67()Z
1347,0,org.apache.commons.jxpath.ri.parser.XPathParser:jj_3R_66()Z
1354,0,org.apache.commons.jxpath.ri.parser.XPathParser:ReInit(Ljava/io/Reader;)V
1357,0,org.apache.commons.jxpath.ri.parser.XPathParser:jj_consume_token(I)Lorg/apache/commons/jxpath/ri/parser/Token;
1358,0,org.apache.commons.jxpath.ri.parser.XPathParser:jj_scan_token(I)Z
1366,0,org.apache.commons.jxpath.ri.parser.XPathParser:jj_save(II)V
1377,0,org.apache.commons.jxpath.ri.parser.XPathParserTokenManager:jjStopStringLiteralDfa_0(IJJ)I
1378,0,org.apache.commons.jxpath.ri.parser.XPathParserTokenManager:jjStartNfa_0(IJJ)I
1379,0,org.apache.commons.jxpath.ri.parser.XPathParserTokenManager:jjStopAtPos(II)I
1380,0,org.apache.commons.jxpath.ri.parser.XPathParserTokenManager:jjStartNfaWithStates_0(III)I
1381,0,org.apache.commons.jxpath.ri.parser.XPathParserTokenManager:jjMoveStringLiteralDfa0_0()I
1382,0,org.apache.commons.jxpath.ri.parser.XPathParserTokenManager:jjMoveStringLiteralDfa1_0(JJ)I
1383,0,org.apache.commons.jxpath.ri.parser.XPathParserTokenManager:jjMoveStringLiteralDfa2_0(JJJJ)I
1384,0,org.apache.commons.jxpath.ri.parser.XPathParserTokenManager:jjMoveStringLiteralDfa3_0(JJJJ)I
1385,0,org.apache.commons.jxpath.ri.parser.XPathParserTokenManager:jjMoveStringLiteralDfa4_0(JJJJ)I
1386,0,org.apache.commons.jxpath.ri.parser.XPathParserTokenManager:jjMoveStringLiteralDfa5_0(JJJJ)I
1387,0,org.apache.commons.jxpath.ri.parser.XPathParserTokenManager:jjMoveStringLiteralDfa6_0(JJJJ)I
1388,0,org.apache.commons.jxpath.ri.parser.XPathParserTokenManager:jjMoveStringLiteralDfa7_0(JJJJ)I
1389,0,org.apache.commons.jxpath.ri.parser.XPathParserTokenManager:jjMoveStringLiteralDfa8_0(JJJJ)I
1390,0,org.apache.commons.jxpath.ri.parser.XPathParserTokenManager:jjMoveStringLiteralDfa9_0(JJJJ)I
1391,0,org.apache.commons.jxpath.ri.parser.XPathParserTokenManager:jjMoveStringLiteralDfa10_0(JJJJ)I
1392,0,org.apache.commons.jxpath.ri.parser.XPathParserTokenManager:jjMoveStringLiteralDfa11_0(JJJJ)I
1393,0,org.apache.commons.jxpath.ri.parser.XPathParserTokenManager:jjMoveStringLiteralDfa12_0(JJJJ)I
1394,0,org.apache.commons.jxpath.ri.parser.XPathParserTokenManager:jjMoveStringLiteralDfa13_0(JJJJ)I
1395,0,org.apache.commons.jxpath.ri.parser.XPathParserTokenManager:jjMoveStringLiteralDfa14_0(JJJJ)I
1396,0,org.apache.commons.jxpath.ri.parser.XPathParserTokenManager:jjMoveStringLiteralDfa15_0(JJJJ)I
1397,0,org.apache.commons.jxpath.ri.parser.XPathParserTokenManager:jjMoveStringLiteralDfa16_0(JJ)I
1398,0,org.apache.commons.jxpath.ri.parser.XPathParserTokenManager:jjMoveStringLiteralDfa17_0(JJ)I
1399,0,org.apache.commons.jxpath.ri.parser.XPathParserTokenManager:jjMoveStringLiteralDfa18_0(JJ)I
1403,0,org.apache.commons.jxpath.ri.parser.XPathParserTokenManager:jjCheckNAdd(I)V
1405,0,org.apache.commons.jxpath.ri.parser.XPathParserTokenManager:jjCheckNAddTwoStates(II)V
1408,0,org.apache.commons.jxpath.ri.parser.XPathParserTokenManager:jjMoveNfa_0(II)I
1414,0,org.apache.commons.jxpath.ri.parser.XPathParserTokenManager:ReInit(Lorg/apache/commons/jxpath/ri/parser/SimpleCharStream;)V
1415,0,org.apache.commons.jxpath.ri.parser.XPathParserTokenManager:ReInitRounds()V
1418,0,org.apache.commons.jxpath.ri.parser.XPathParserTokenManager:jjFillToken()Lorg/apache/commons/jxpath/ri/parser/Token;
1419,0,org.apache.commons.jxpath.ri.parser.XPathParserTokenManager:getNextToken()Lorg/apache/commons/jxpath/ri/parser/Token;
1422,0,org.apache.commons.jxpath.ri.parser.SimpleCharStream:FillBuff()V
1423,0,org.apache.commons.jxpath.ri.parser.SimpleCharStream:BeginToken()C
1424,0,org.apache.commons.jxpath.ri.parser.SimpleCharStream:UpdateLineColumn(C)V
1425,0,org.apache.commons.jxpath.ri.parser.SimpleCharStream:readChar()C
1428,0,org.apache.commons.jxpath.ri.parser.SimpleCharStream:getEndColumn()I
1429,0,org.apache.commons.jxpath.ri.parser.SimpleCharStream:getEndLine()I
1430,0,org.apache.commons.jxpath.ri.parser.SimpleCharStream:getBeginColumn()I
1431,0,org.apache.commons.jxpath.ri.parser.SimpleCharStream:getBeginLine()I
1432,0,org.apache.commons.jxpath.ri.parser.SimpleCharStream:backup(I)V
1436,0,org.apache.commons.jxpath.ri.parser.SimpleCharStream:ReInit(Ljava/io/Reader;III)V
1437,0,org.apache.commons.jxpath.ri.parser.SimpleCharStream:ReInit(Ljava/io/Reader;II)V
1445,0,org.apache.commons.jxpath.ri.parser.SimpleCharStream:GetImage()Ljava/lang/String;
1449,0,org.apache.commons.jxpath.ri.parser.XPathParser$JJCalls:<init>()V
1451,0,org.apache.commons.jxpath.ri.parser.Token:<init>()V
1453,0,org.apache.commons.jxpath.ri.parser.Token:newToken(I)Lorg/apache/commons/jxpath/ri/parser/Token;
1460,0,org.apache.commons.jxpath.ri.QName:<init>(Ljava/lang/String;Ljava/lang/String;)V
1461,0,org.apache.commons.jxpath.ri.QName:getPrefix()Ljava/lang/String;
1462,0,org.apache.commons.jxpath.ri.QName:getName()Ljava/lang/String;
1466,0,org.apache.commons.jxpath.ri.JXPathContextReferenceImpl:<init>(Lorg/apache/commons/jxpath/JXPathContext;Ljava/lang/Object;)V
1467,0,org.apache.commons.jxpath.ri.JXPathContextReferenceImpl:<init>(Lorg/apache/commons/jxpath/JXPathContext;Ljava/lang/Object;Lorg/apache/commons/jxpath/Pointer;)V
1468,0,org.apache.commons.jxpath.ri.JXPathContextReferenceImpl:createNodeFactoryArray()V
1470,0,org.apache.commons.jxpath.ri.JXPathContextReferenceImpl:getNodePointerFactories()[Lorg/apache/commons/jxpath/ri/model/NodePointerFactory;
1471,0,org.apache.commons.jxpath.ri.JXPathContextReferenceImpl:getCompiler()Lorg/apache/commons/jxpath/ri/Compiler;
1473,0,org.apache.commons.jxpath.ri.JXPathContextReferenceImpl:compileExpression(Ljava/lang/String;)Lorg/apache/commons/jxpath/ri/compiler/Expression;
1480,0,org.apache.commons.jxpath.ri.JXPathContextReferenceImpl:getPointer(Ljava/lang/String;)Lorg/apache/commons/jxpath/Pointer;
1481,0,org.apache.commons.jxpath.ri.JXPathContextReferenceImpl:getPointer(Ljava/lang/String;Lorg/apache/commons/jxpath/ri/compiler/Expression;)Lorg/apache/commons/jxpath/Pointer;
1497,0,org.apache.commons.jxpath.ri.JXPathContextReferenceImpl:getContextPointer()Lorg/apache/commons/jxpath/Pointer;
1498,0,org.apache.commons.jxpath.ri.JXPathContextReferenceImpl:getAbsoluteRootPointer()Lorg/apache/commons/jxpath/ri/model/NodePointer;
1499,0,org.apache.commons.jxpath.ri.JXPathContextReferenceImpl:getEvalContext()Lorg/apache/commons/jxpath/ri/EvalContext;
1500,0,org.apache.commons.jxpath.ri.JXPathContextReferenceImpl:getAbsoluteRootContext()Lorg/apache/commons/jxpath/ri/EvalContext;
1503,0,org.apache.commons.jxpath.ri.JXPathContextReferenceImpl:registerNamespace(Ljava/lang/String;Ljava/lang/String;)V
1508,0,org.apache.commons.jxpath.ri.JXPathContextReferenceImpl:getNamespaceResolver()Lorg/apache/commons/jxpath/ri/NamespaceResolver;
1514,0,org.apache.commons.jxpath.ri.InfoSetUtil:doubleValue(Ljava/lang/Object;)D
1518,0,org.apache.commons.jxpath.ri.JXPathContextFactoryReferenceImpl:newContext(Lorg/apache/commons/jxpath/JXPathContext;Ljava/lang/Object;)Lorg/apache/commons/jxpath/JXPathContext;
1521,0,org.apache.commons.jxpath.ri.NamespaceResolver:<init>(Lorg/apache/commons/jxpath/ri/NamespaceResolver;)V
1522,0,org.apache.commons.jxpath.ri.NamespaceResolver:registerNamespace(Ljava/lang/String;Ljava/lang/String;)V
1523,0,org.apache.commons.jxpath.ri.NamespaceResolver:setNamespaceContextPointer(Lorg/apache/commons/jxpath/ri/model/NodePointer;)V
1529,0,org.apache.commons.jxpath.ri.NamespaceResolver:isSealed()Z
1530,0,org.apache.commons.jxpath.ri.NamespaceResolver:seal()V
1614,0,org.apache.commons.jxpath.util.ValueUtils:isCollection(Ljava/lang/Object;)Z
1617,0,org.apache.commons.jxpath.util.ValueUtils:getLength(Ljava/lang/Object;)I
1621,0,org.apache.commons.jxpath.util.ValueUtils:getValue(Ljava/lang/Object;I)Ljava/lang/Object;
1628,0,org.apache.commons.jxpath.util.ValueUtils:getValue(Ljava/lang/Object;)Ljava/lang/Object;
