520,0,com.google.javascript.jscomp.PrepareAst$PrepareAnnotations:<init>(Lcom/google/javascript/jscomp/AbstractCompiler;)V
521,0,com.google.javascript.jscomp.PrepareAst$PrepareAnnotations:shouldTraverse(Lcom/google/javascript/jscomp/NodeTraversal;Lcom/google/javascript/rhino/Node;Lcom/google/javascript/rhino/Node;)Z
522,0,com.google.javascript.jscomp.PrepareAst$PrepareAnnotations:visit(Lcom/google/javascript/jscomp/NodeTraversal;Lcom/google/javascript/rhino/Node;Lcom/google/javascript/rhino/Node;)V
524,0,com.google.javascript.jscomp.PrepareAst$PrepareAnnotations:annotateCalls(Lcom/google/javascript/rhino/Node;)V
625,0,com.google.javascript.jscomp.parsing.IRFactory$TransformDispatcher:processAstRoot(Lcom/google/javascript/jscomp/mozilla/rhino/ast/AstRoot;)Lcom/google/javascript/rhino/Node;
626,0,com.google.javascript.jscomp.parsing.IRFactory$TransformDispatcher:parseDirectives(Lcom/google/javascript/rhino/Node;)V
627,0,com.google.javascript.jscomp.parsing.IRFactory$TransformDispatcher:isDirective(Lcom/google/javascript/rhino/Node;)Z
636,0,com.google.javascript.jscomp.parsing.IRFactory$TransformDispatcher:processExpressionStatement(Lcom/google/javascript/jscomp/mozilla/rhino/ast/ExpressionStatement;)Lcom/google/javascript/rhino/Node;
639,0,com.google.javascript.jscomp.parsing.IRFactory$TransformDispatcher:processFunctionCall(Lcom/google/javascript/jscomp/mozilla/rhino/ast/FunctionCall;)Lcom/google/javascript/rhino/Node;
642,0,com.google.javascript.jscomp.parsing.IRFactory$TransformDispatcher:processInfixExpression(Lcom/google/javascript/jscomp/mozilla/rhino/ast/InfixExpression;)Lcom/google/javascript/rhino/Node;
646,0,com.google.javascript.jscomp.parsing.IRFactory$TransformDispatcher:processName(Lcom/google/javascript/jscomp/mozilla/rhino/ast/Name;)Lcom/google/javascript/rhino/Node;
647,0,com.google.javascript.jscomp.parsing.IRFactory$TransformDispatcher:processName(Lcom/google/javascript/jscomp/mozilla/rhino/ast/Name;Z)Lcom/google/javascript/rhino/Node;
648,0,com.google.javascript.jscomp.parsing.IRFactory$TransformDispatcher:isReservedKeyword(Ljava/lang/String;)Z
656,0,com.google.javascript.jscomp.parsing.IRFactory$TransformDispatcher:processRegExpLiteral(Lcom/google/javascript/jscomp/mozilla/rhino/ast/RegExpLiteral;)Lcom/google/javascript/rhino/Node;
718,0,com.google.javascript.jscomp.parsing.IRFactory$TransformDispatcher:<init>(Lcom/google/javascript/jscomp/parsing/IRFactory;Lcom/google/javascript/jscomp/parsing/IRFactory$1;)V
806,0,com.google.javascript.jscomp.parsing.TypeSafeDispatcher:<init>()V
807,0,com.google.javascript.jscomp.parsing.TypeSafeDispatcher:process(Lcom/google/javascript/jscomp/mozilla/rhino/ast/AstNode;)Ljava/lang/Object;
814,0,com.google.javascript.jscomp.parsing.Config:<init>(Ljava/util/Set;Ljava/util/Set;ZLcom/google/javascript/jscomp/parsing/Config$LanguageMode;Z)V
815,0,com.google.javascript.jscomp.parsing.Config:buildAnnotationNames(Ljava/util/Set;)Ljava/util/Map;
826,0,com.google.javascript.jscomp.parsing.ParserRunner:createConfig(ZLcom/google/javascript/jscomp/parsing/Config$LanguageMode;ZLjava/util/Set;)Lcom/google/javascript/jscomp/parsing/Config;
827,0,com.google.javascript.jscomp.parsing.ParserRunner:initResourceConfig()V
829,0,com.google.javascript.jscomp.parsing.ParserRunner:parse(Lcom/google/javascript/rhino/jstype/StaticSourceFile;Ljava/lang/String;Lcom/google/javascript/jscomp/parsing/Config;Lcom/google/javascript/jscomp/mozilla/rhino/ErrorReporter;Ljava/util/logging/Logger;)Lcom/google/javascript/rhino/Node;
855,0,com.google.javascript.jscomp.parsing.IRFactory:<init>(Ljava/lang/String;Lcom/google/javascript/rhino/jstype/StaticSourceFile;Lcom/google/javascript/jscomp/parsing/Config;Lcom/google/javascript/jscomp/mozilla/rhino/ErrorReporter;)V
856,0,com.google.javascript.jscomp.parsing.IRFactory:createTemplateNode()Lcom/google/javascript/rhino/Node;
857,0,com.google.javascript.jscomp.parsing.IRFactory:transformTree(Lcom/google/javascript/jscomp/mozilla/rhino/ast/AstRoot;Lcom/google/javascript/rhino/jstype/StaticSourceFile;Ljava/lang/String;Lcom/google/javascript/jscomp/parsing/Config;Lcom/google/javascript/jscomp/mozilla/rhino/ErrorReporter;)Lcom/google/javascript/rhino/Node;
858,0,com.google.javascript.jscomp.parsing.IRFactory:setFileOverviewJsDoc(Lcom/google/javascript/rhino/Node;)V
863,0,com.google.javascript.jscomp.parsing.IRFactory:handleJsDoc(Lcom/google/javascript/jscomp/mozilla/rhino/ast/AstNode;Lcom/google/javascript/rhino/Node;)Lcom/google/javascript/rhino/JSDocInfo;
864,0,com.google.javascript.jscomp.parsing.IRFactory:transform(Lcom/google/javascript/jscomp/mozilla/rhino/ast/AstNode;)Lcom/google/javascript/rhino/Node;
868,0,com.google.javascript.jscomp.parsing.IRFactory:setSourceInfo(Lcom/google/javascript/rhino/Node;Lcom/google/javascript/jscomp/mozilla/rhino/ast/AstNode;)V
870,0,com.google.javascript.jscomp.parsing.IRFactory:maybeSetLengthFrom(Lcom/google/javascript/rhino/Node;Lcom/google/javascript/jscomp/mozilla/rhino/ast/AstNode;)V
871,0,com.google.javascript.jscomp.parsing.IRFactory:position2charno(I)I
872,0,com.google.javascript.jscomp.parsing.IRFactory:justTransform(Lcom/google/javascript/jscomp/mozilla/rhino/ast/AstNode;)Lcom/google/javascript/rhino/Node;
873,0,com.google.javascript.jscomp.parsing.IRFactory:transformTokenType(I)I
874,0,com.google.javascript.jscomp.parsing.IRFactory:newNode(I)Lcom/google/javascript/rhino/Node;
875,0,com.google.javascript.jscomp.parsing.IRFactory:newNode(ILcom/google/javascript/rhino/Node;)Lcom/google/javascript/rhino/Node;
876,0,com.google.javascript.jscomp.parsing.IRFactory:newNode(ILcom/google/javascript/rhino/Node;Lcom/google/javascript/rhino/Node;)Lcom/google/javascript/rhino/Node;
878,0,com.google.javascript.jscomp.parsing.IRFactory:newStringNode(Ljava/lang/String;)Lcom/google/javascript/rhino/Node;
879,0,com.google.javascript.jscomp.parsing.IRFactory:newStringNode(ILjava/lang/String;)Lcom/google/javascript/rhino/Node;
881,0,com.google.javascript.jscomp.parsing.IRFactory:access$100(I)I
882,0,com.google.javascript.jscomp.parsing.IRFactory:access$200(Lcom/google/javascript/jscomp/parsing/IRFactory;I)Lcom/google/javascript/rhino/Node;
883,0,com.google.javascript.jscomp.parsing.IRFactory:access$300(Lcom/google/javascript/jscomp/parsing/IRFactory;Lcom/google/javascript/jscomp/mozilla/rhino/ast/AstNode;)Lcom/google/javascript/rhino/Node;
889,0,com.google.javascript.jscomp.parsing.IRFactory:access$900(Lcom/google/javascript/jscomp/parsing/IRFactory;ILcom/google/javascript/rhino/Node;)Lcom/google/javascript/rhino/Node;
892,0,com.google.javascript.jscomp.parsing.IRFactory:access$1200(Lcom/google/javascript/jscomp/parsing/IRFactory;ILcom/google/javascript/rhino/Node;Lcom/google/javascript/rhino/Node;)Lcom/google/javascript/rhino/Node;
893,0,com.google.javascript.jscomp.parsing.IRFactory:access$1300(Lcom/google/javascript/jscomp/parsing/IRFactory;Lcom/google/javascript/rhino/Node;Lcom/google/javascript/jscomp/mozilla/rhino/ast/AstNode;)V
894,0,com.google.javascript.jscomp.parsing.IRFactory:access$1400(Lcom/google/javascript/jscomp/parsing/IRFactory;I)I
895,0,com.google.javascript.jscomp.parsing.IRFactory:access$1500(Lcom/google/javascript/jscomp/parsing/IRFactory;ILjava/lang/String;)Lcom/google/javascript/rhino/Node;
896,0,com.google.javascript.jscomp.parsing.IRFactory:access$1600(Lcom/google/javascript/jscomp/parsing/IRFactory;)Ljava/util/Set;
899,0,com.google.javascript.jscomp.parsing.IRFactory:access$1900(Lcom/google/javascript/jscomp/parsing/IRFactory;Ljava/lang/String;)Lcom/google/javascript/rhino/Node;
959,0,com.google.javascript.jscomp.AbstractMessageFormatter:<init>(Lcom/google/javascript/jscomp/SourceExcerptProvider;)V
960,0,com.google.javascript.jscomp.AbstractMessageFormatter:setColorize(Z)V
966,0,com.google.javascript.jscomp.DependencyOptions:<init>()V
1007,0,com.google.javascript.jscomp.ClosureCodingConvention:<init>()V
1008,0,com.google.javascript.jscomp.ClosureCodingConvention:<init>(Lcom/google/javascript/jscomp/CodingConvention;)V
1038,0,com.google.javascript.jscomp.PrepareAst:<init>(Lcom/google/javascript/jscomp/AbstractCompiler;)V
1039,0,com.google.javascript.jscomp.PrepareAst:<init>(Lcom/google/javascript/jscomp/AbstractCompiler;Z)V
1041,0,com.google.javascript.jscomp.PrepareAst:process(Lcom/google/javascript/rhino/Node;Lcom/google/javascript/rhino/Node;)V
1131,0,com.google.javascript.jscomp.CodingConventions$DefaultCodingConvention:<init>(Lcom/google/javascript/jscomp/CodingConventions$1;)V
1229,0,com.google.javascript.jscomp.Compiler$3:<init>(Lcom/google/javascript/jscomp/Compiler;Ljava/lang/String;Z)V
1294,0,com.google.javascript.jscomp.AbstractCompiler:<init>()V
1459,0,com.google.javascript.jscomp.Compiler:<init>()V
1460,0,com.google.javascript.jscomp.Compiler:<init>(Ljava/io/PrintStream;)V
1462,0,com.google.javascript.jscomp.Compiler:setErrorManager(Lcom/google/javascript/jscomp/ErrorManager;)V
1463,0,com.google.javascript.jscomp.Compiler:createMessageFormatter()Lcom/google/javascript/jscomp/MessageFormatter;
1464,0,com.google.javascript.jscomp.Compiler:initOptions(Lcom/google/javascript/jscomp/CompilerOptions;)V
1508,0,com.google.javascript.jscomp.Compiler:getErrors()[Lcom/google/javascript/jscomp/JSError;
1509,0,com.google.javascript.jscomp.Compiler:getWarnings()[Lcom/google/javascript/jscomp/JSError;
1532,0,com.google.javascript.jscomp.Compiler:initCompilerOptionsIfTesting()V
1534,0,com.google.javascript.jscomp.Compiler:parseTestCode(Ljava/lang/String;)Lcom/google/javascript/rhino/Node;
1535,0,com.google.javascript.jscomp.Compiler:getDefaultErrorReporter()Lcom/google/javascript/jscomp/mozilla/rhino/ErrorReporter;
1550,0,com.google.javascript.jscomp.Compiler:prepareAst(Lcom/google/javascript/rhino/Node;)V
1552,0,com.google.javascript.jscomp.Compiler:addChangeHandler(Lcom/google/javascript/jscomp/CodeChangeHandler;)V
1555,0,com.google.javascript.jscomp.Compiler:getCodingConvention()Lcom/google/javascript/jscomp/CodingConvention;
1556,0,com.google.javascript.jscomp.Compiler:isIdeMode()Z
1559,0,com.google.javascript.jscomp.Compiler:acceptConstKeyword()Z
1560,0,com.google.javascript.jscomp.Compiler:getParserConfig()Lcom/google/javascript/jscomp/parsing/Config;
1562,0,com.google.javascript.jscomp.Compiler:getDiagnosticGroups()Lcom/google/javascript/jscomp/DiagnosticGroups;
1566,0,com.google.javascript.jscomp.Compiler:getErrorCount()I
1568,0,com.google.javascript.jscomp.Compiler:hasHaltingErrors()Z
1746,0,com.google.javascript.jscomp.PassFactory:<init>(Ljava/lang/String;Z)V
1883,0,com.google.javascript.jscomp.ErrorFormat$2:toFormatter(Lcom/google/javascript/jscomp/SourceExcerptProvider;Z)Lcom/google/javascript/jscomp/MessageFormatter;
2009,0,com.google.javascript.jscomp.CheckLevel:isOn()Z
2026,0,com.google.javascript.jscomp.CodeConsumer:<init>()V
2029,0,com.google.javascript.jscomp.CodeConsumer:continueProcessing()Z
2030,0,com.google.javascript.jscomp.CodeConsumer:addIdentifier(Ljava/lang/String;)V
2042,0,com.google.javascript.jscomp.CodeConsumer:endStatement()V
2043,0,com.google.javascript.jscomp.CodeConsumer:endStatement(Z)V
2044,0,com.google.javascript.jscomp.CodeConsumer:maybeEndStatement()V
2049,1,com.google.javascript.jscomp.CodeConsumer:add(Ljava/lang/String;)V
2050,0,com.google.javascript.jscomp.CodeConsumer:appendOp(Ljava/lang/String;Z)V
2051,0,com.google.javascript.jscomp.CodeConsumer:addOp(Ljava/lang/String;Z)V
2054,0,com.google.javascript.jscomp.CodeConsumer:isWordChar(C)Z
2057,0,com.google.javascript.jscomp.CodeConsumer:endFile()V
2083,0,com.google.javascript.jscomp.SyntacticScopeCreator$DefaultRedeclarationHandler:<init>(Lcom/google/javascript/jscomp/SyntacticScopeCreator;Lcom/google/javascript/jscomp/SyntacticScopeCreator$1;)V
2340,0,com.google.javascript.jscomp.CompilerOptions:<init>()V
2353,0,com.google.javascript.jscomp.CompilerOptions:enables(Lcom/google/javascript/jscomp/DiagnosticGroup;)Z
2354,0,com.google.javascript.jscomp.CompilerOptions:disables(Lcom/google/javascript/jscomp/DiagnosticGroup;)Z
2355,0,com.google.javascript.jscomp.CompilerOptions:setWarningLevel(Lcom/google/javascript/jscomp/DiagnosticGroup;Lcom/google/javascript/jscomp/CheckLevel;)V
2356,0,com.google.javascript.jscomp.CompilerOptions:getWarningsGuard()Lcom/google/javascript/jscomp/WarningsGuard;
2359,0,com.google.javascript.jscomp.CompilerOptions:addWarningsGuard(Lcom/google/javascript/jscomp/WarningsGuard;)V
2377,0,com.google.javascript.jscomp.CompilerOptions:shouldColorizeErrorOutput()Z
2384,0,com.google.javascript.jscomp.CompilerOptions:getCodingConvention()Lcom/google/javascript/jscomp/CodingConvention;
2395,0,com.google.javascript.jscomp.CompilerOptions:setLanguageIn(Lcom/google/javascript/jscomp/CompilerOptions$LanguageMode;)V
2396,0,com.google.javascript.jscomp.CompilerOptions:getLanguageIn()Lcom/google/javascript/jscomp/CompilerOptions$LanguageMode;
2428,0,com.google.javascript.jscomp.JSSourceFile:fromCode(Ljava/lang/String;Ljava/lang/String;)Lcom/google/javascript/jscomp/JSSourceFile;
2431,0,com.google.javascript.jscomp.JSSourceFile:<init>(Lcom/google/javascript/jscomp/SourceFile;)V
2432,0,com.google.javascript.jscomp.JSSourceFile:getCode()Ljava/lang/String;
2531,0,com.google.javascript.jscomp.CodeChangeHandler$RecentChange:<init>()V
2672,0,com.google.javascript.jscomp.LoggerErrorManager:<init>(Lcom/google/javascript/jscomp/MessageFormatter;Ljava/util/logging/Logger;)V
2945,0,com.google.javascript.jscomp.SuppressDocWarningsGuard:<init>(Ljava/util/Map;)V
2947,0,com.google.javascript.jscomp.SuppressDocWarningsGuard:getPriority()I
3153,0,com.google.javascript.jscomp.ComposeWarningsGuard:<init>(Ljava/util/List;)V
3154,0,com.google.javascript.jscomp.ComposeWarningsGuard:<init>([Lcom/google/javascript/jscomp/WarningsGuard;)V
3155,0,com.google.javascript.jscomp.ComposeWarningsGuard:addGuard(Lcom/google/javascript/jscomp/WarningsGuard;)V
3156,0,com.google.javascript.jscomp.ComposeWarningsGuard:addGuards(Ljava/lang/Iterable;)V
3158,0,com.google.javascript.jscomp.ComposeWarningsGuard:disables(Lcom/google/javascript/jscomp/DiagnosticGroup;)Z
3159,0,com.google.javascript.jscomp.ComposeWarningsGuard:enables(Lcom/google/javascript/jscomp/DiagnosticGroup;)Z
3522,0,com.google.javascript.jscomp.DiagnosticGroup:forType(Lcom/google/javascript/jscomp/DiagnosticType;)Lcom/google/javascript/jscomp/DiagnosticGroup;
3526,0,com.google.javascript.jscomp.DiagnosticGroup:matches(Lcom/google/javascript/jscomp/DiagnosticType;)Z
3527,0,com.google.javascript.jscomp.DiagnosticGroup:isSubGroup(Lcom/google/javascript/jscomp/DiagnosticGroup;)Z
3528,0,com.google.javascript.jscomp.DiagnosticGroup:getTypes()Ljava/util/Collection;
3599,0,com.google.javascript.jscomp.DiagnosticGroups:<init>()V
3603,0,com.google.javascript.jscomp.DiagnosticGroups:getRegisteredGroups()Ljava/util/Map;
3658,0,com.google.javascript.jscomp.SyntacticScopeCreator:<init>(Lcom/google/javascript/jscomp/AbstractCompiler;)V
3682,0,com.google.javascript.jscomp.ComposeWarningsGuard$GuardComparator:<init>(Ljava/util/Map;)V
3683,0,com.google.javascript.jscomp.ComposeWarningsGuard$GuardComparator:compare(Lcom/google/javascript/jscomp/WarningsGuard;Lcom/google/javascript/jscomp/WarningsGuard;)I
3685,0,com.google.javascript.jscomp.ComposeWarningsGuard$GuardComparator:<init>(Ljava/util/Map;Lcom/google/javascript/jscomp/ComposeWarningsGuard$1;)V
3736,0,com.google.javascript.jscomp.CodePrinter:toSource(Lcom/google/javascript/rhino/Node;Lcom/google/javascript/jscomp/CodePrinter$Format;ZILcom/google/javascript/jscomp/SourceMap;Lcom/google/javascript/jscomp/SourceMap$DetailLevel;Ljava/nio/charset/Charset;Z)Ljava/lang/String;
3737,0,com.google.javascript.jscomp.CodePrinter:access$100(Lcom/google/javascript/rhino/Node;Lcom/google/javascript/jscomp/CodePrinter$Format;ZILcom/google/javascript/jscomp/SourceMap;Lcom/google/javascript/jscomp/SourceMap$DetailLevel;Ljava/nio/charset/Charset;Z)Ljava/lang/String;
4089,0,com.google.javascript.jscomp.BasicErrorManager:<init>()V
4092,0,com.google.javascript.jscomp.BasicErrorManager:getErrorCount()I
4094,0,com.google.javascript.jscomp.BasicErrorManager:getErrors()[Lcom/google/javascript/jscomp/JSError;
4095,0,com.google.javascript.jscomp.BasicErrorManager:getWarnings()[Lcom/google/javascript/jscomp/JSError;
4098,0,com.google.javascript.jscomp.BasicErrorManager:toArray(Lcom/google/javascript/jscomp/CheckLevel;)[Lcom/google/javascript/jscomp/JSError;
4109,0,com.google.javascript.jscomp.LightweightMessageFormatter:<init>(Lcom/google/javascript/jscomp/SourceExcerptProvider;)V
4110,0,com.google.javascript.jscomp.LightweightMessageFormatter:<init>(Lcom/google/javascript/jscomp/SourceExcerptProvider;Lcom/google/javascript/jscomp/SourceExcerptProvider$SourceExcerpt;)V
4238,0,com.google.javascript.jscomp.DiagnosticType:equals(Ljava/lang/Object;)Z
4239,0,com.google.javascript.jscomp.DiagnosticType:hashCode()I
4324,0,com.google.javascript.jscomp.SourceFile$Preloaded:<init>(Ljava/lang/String;Ljava/lang/String;Ljava/lang/String;)V
4347,0,com.google.javascript.jscomp.JsAst:<init>(Lcom/google/javascript/jscomp/SourceFile;)V
4348,0,com.google.javascript.jscomp.JsAst:getAstRoot(Lcom/google/javascript/jscomp/AbstractCompiler;)Lcom/google/javascript/rhino/Node;
4350,0,com.google.javascript.jscomp.JsAst:getInputId()Lcom/google/javascript/rhino/InputId;
4351,0,com.google.javascript.jscomp.JsAst:getSourceFile()Lcom/google/javascript/jscomp/SourceFile;
4353,0,com.google.javascript.jscomp.JsAst:parse(Lcom/google/javascript/jscomp/AbstractCompiler;)V
4541,0,com.google.javascript.jscomp.NodeUtil:precedence(I)I
4554,0,com.google.javascript.jscomp.NodeUtil:isAssignmentOp(Lcom/google/javascript/rhino/Node;)Z
4559,0,com.google.javascript.jscomp.NodeUtil:isGet(Lcom/google/javascript/rhino/Node;)Z
4600,0,com.google.javascript.jscomp.NodeUtil:opToStr(I)Ljava/lang/String;
4614,0,com.google.javascript.jscomp.NodeUtil:isLatin(Ljava/lang/String;)Z
4642,0,com.google.javascript.jscomp.NodeUtil:getInputId(Lcom/google/javascript/rhino/Node;)Lcom/google/javascript/rhino/InputId;
4696,0,com.google.javascript.jscomp.RhinoErrorReporter:replacePlaceHolders(Ljava/lang/String;)Ljava/util/regex/Pattern;
4697,0,com.google.javascript.jscomp.RhinoErrorReporter:<init>(Lcom/google/javascript/jscomp/AbstractCompiler;)V
4698,0,com.google.javascript.jscomp.RhinoErrorReporter:forNewRhino(Lcom/google/javascript/jscomp/AbstractCompiler;)Lcom/google/javascript/jscomp/mozilla/rhino/ErrorReporter;
4699,0,com.google.javascript.jscomp.RhinoErrorReporter:forOldRhino(Lcom/google/javascript/jscomp/AbstractCompiler;)Lcom/google/javascript/rhino/ErrorReporter;
4703,0,com.google.javascript.jscomp.RhinoErrorReporter:<init>(Lcom/google/javascript/jscomp/AbstractCompiler;Lcom/google/javascript/jscomp/RhinoErrorReporter$1;)V
4705,0,com.google.javascript.jscomp.BasicErrorManager$LeveledJSErrorComparator:<init>()V
5151,0,com.google.javascript.jscomp.SourceFile$Builder:<init>()V
5156,0,com.google.javascript.jscomp.SourceFile$Builder:buildFromCode(Ljava/lang/String;Ljava/lang/String;)Lcom/google/javascript/jscomp/SourceFile;
5190,0,com.google.javascript.jscomp.CodingConventions:getDefault()Lcom/google/javascript/jscomp/CodingConvention;
5283,0,com.google.javascript.jscomp.WarningsGuard:<init>()V
5284,0,com.google.javascript.jscomp.WarningsGuard:getPriority()I
5285,0,com.google.javascript.jscomp.WarningsGuard:disables(Lcom/google/javascript/jscomp/DiagnosticGroup;)Z
5286,0,com.google.javascript.jscomp.WarningsGuard:enables(Lcom/google/javascript/jscomp/DiagnosticGroup;)Z
5299,0,com.google.javascript.jscomp.CodePrinter$CompactCodePrinter:<init>(ZIZLcom/google/javascript/jscomp/SourceMap$DetailLevel;)V
5300,0,com.google.javascript.jscomp.CodePrinter$CompactCodePrinter:append(Ljava/lang/String;)V
5303,0,com.google.javascript.jscomp.CodePrinter$CompactCodePrinter:maybeCutLine()V
5304,0,com.google.javascript.jscomp.CodePrinter$CompactCodePrinter:notePreferredLineBreak()V
5305,0,com.google.javascript.jscomp.CodePrinter$CompactCodePrinter:<init>(ZIZLcom/google/javascript/jscomp/SourceMap$DetailLevel;Lcom/google/javascript/jscomp/CodePrinter$1;)V
5436,0,com.google.javascript.jscomp.NodeTraversal:<init>(Lcom/google/javascript/jscomp/AbstractCompiler;Lcom/google/javascript/jscomp/NodeTraversal$Callback;)V
5437,0,com.google.javascript.jscomp.NodeTraversal:<init>(Lcom/google/javascript/jscomp/AbstractCompiler;Lcom/google/javascript/jscomp/NodeTraversal$Callback;Lcom/google/javascript/jscomp/ScopeCreator;)V
5440,0,com.google.javascript.jscomp.NodeTraversal:traverse(Lcom/google/javascript/rhino/Node;)V
5453,0,com.google.javascript.jscomp.NodeTraversal:traverse(Lcom/google/javascript/jscomp/AbstractCompiler;Lcom/google/javascript/rhino/Node;Lcom/google/javascript/jscomp/NodeTraversal$Callback;)V
5456,0,com.google.javascript.jscomp.NodeTraversal:traverseBranch(Lcom/google/javascript/rhino/Node;Lcom/google/javascript/rhino/Node;)V
5459,0,com.google.javascript.jscomp.NodeTraversal:pushScope(Lcom/google/javascript/rhino/Node;)V
5461,0,com.google.javascript.jscomp.NodeTraversal:popScope()V
5469,0,com.google.javascript.jscomp.NodeTraversal:getSourceName(Lcom/google/javascript/rhino/Node;)Ljava/lang/String;
5515,0,com.google.javascript.jscomp.DiagnosticGroupWarningsGuard:<init>(Lcom/google/javascript/jscomp/DiagnosticGroup;Lcom/google/javascript/jscomp/CheckLevel;)V
5517,0,com.google.javascript.jscomp.DiagnosticGroupWarningsGuard:disables(Lcom/google/javascript/jscomp/DiagnosticGroup;)Z
5518,0,com.google.javascript.jscomp.DiagnosticGroupWarningsGuard:enables(Lcom/google/javascript/jscomp/DiagnosticGroup;)Z
5706,0,com.google.javascript.jscomp.SourceFile:<init>(Ljava/lang/String;)V
5710,0,com.google.javascript.jscomp.SourceFile:getCode()Ljava/lang/String;
5713,0,com.google.javascript.jscomp.SourceFile:setCode(Ljava/lang/String;)V
5715,0,com.google.javascript.jscomp.SourceFile:setOriginalPath(Ljava/lang/String;)V
5718,0,com.google.javascript.jscomp.SourceFile:getName()Ljava/lang/String;
5720,0,com.google.javascript.jscomp.SourceFile:setIsExtern(Z)V
5728,0,com.google.javascript.jscomp.SourceFile:fromCode(Ljava/lang/String;Ljava/lang/String;)Lcom/google/javascript/jscomp/SourceFile;
5734,0,com.google.javascript.jscomp.SourceFile:builder()Lcom/google/javascript/jscomp/SourceFile$Builder;
5735,0,com.google.javascript.jscomp.SourceFile:access$000(Lcom/google/javascript/jscomp/SourceFile;Ljava/lang/String;)V
6295,0,com.google.javascript.jscomp.CompilerInput:<init>(Lcom/google/javascript/jscomp/SourceAst;Z)V
6297,0,com.google.javascript.jscomp.CompilerInput:<init>(Lcom/google/javascript/jscomp/SourceAst;Lcom/google/javascript/rhino/InputId;Z)V
6298,0,com.google.javascript.jscomp.CompilerInput:<init>(Lcom/google/javascript/jscomp/JSSourceFile;)V
6299,0,com.google.javascript.jscomp.CompilerInput:<init>(Lcom/google/javascript/jscomp/JSSourceFile;Z)V
6300,0,com.google.javascript.jscomp.CompilerInput:getInputId()Lcom/google/javascript/rhino/InputId;
6304,0,com.google.javascript.jscomp.CompilerInput:getAstRoot(Lcom/google/javascript/jscomp/AbstractCompiler;)Lcom/google/javascript/rhino/Node;
6324,0,com.google.javascript.jscomp.CodePrinter$MappedCodePrinter:<init>(IZLcom/google/javascript/jscomp/SourceMap$DetailLevel;)V
6325,0,com.google.javascript.jscomp.CodePrinter$MappedCodePrinter:startSourceMapping(Lcom/google/javascript/rhino/Node;)V
6326,0,com.google.javascript.jscomp.CodePrinter$MappedCodePrinter:endSourceMapping(Lcom/google/javascript/rhino/Node;)V
6330,0,com.google.javascript.jscomp.CodePrinter$MappedCodePrinter:getCode()Ljava/lang/String;
6331,0,com.google.javascript.jscomp.CodePrinter$MappedCodePrinter:getLastChar()C
6415,0,com.google.javascript.jscomp.RhinoErrorReporter$OldRhinoErrorReporter:<init>(Lcom/google/javascript/jscomp/AbstractCompiler;)V
6416,0,com.google.javascript.jscomp.RhinoErrorReporter$OldRhinoErrorReporter:<init>(Lcom/google/javascript/jscomp/AbstractCompiler;Lcom/google/javascript/jscomp/RhinoErrorReporter$1;)V
6463,0,com.google.javascript.jscomp.CodingConventions$Proxy:<init>(Lcom/google/javascript/jscomp/CodingConvention;)V
6688,0,com.google.javascript.jscomp.CodeGenerator:<init>(Lcom/google/javascript/jscomp/CodeConsumer;Ljava/nio/charset/Charset;)V
6691,0,com.google.javascript.jscomp.CodeGenerator:add(Ljava/lang/String;)V
6692,0,com.google.javascript.jscomp.CodeGenerator:addIdentifier(Ljava/lang/String;)V
6693,0,com.google.javascript.jscomp.CodeGenerator:add(Lcom/google/javascript/rhino/Node;)V
6694,0,com.google.javascript.jscomp.CodeGenerator:add(Lcom/google/javascript/rhino/Node;Lcom/google/javascript/jscomp/CodeGenerator$Context;)V
6697,0,com.google.javascript.jscomp.CodeGenerator:isIndirectEval(Lcom/google/javascript/rhino/Node;)Z
6700,0,com.google.javascript.jscomp.CodeGenerator:addLeftExpr(Lcom/google/javascript/rhino/Node;ILcom/google/javascript/jscomp/CodeGenerator$Context;)V
6702,0,com.google.javascript.jscomp.CodeGenerator:addExpr(Lcom/google/javascript/rhino/Node;ILcom/google/javascript/jscomp/CodeGenerator$Context;)V
6703,0,com.google.javascript.jscomp.CodeGenerator:addList(Lcom/google/javascript/rhino/Node;)V
6705,0,com.google.javascript.jscomp.CodeGenerator:addList(Lcom/google/javascript/rhino/Node;ZLcom/google/javascript/jscomp/CodeGenerator$Context;)V
6711,0,com.google.javascript.jscomp.CodeGenerator:regexpEscape(Ljava/lang/String;Ljava/nio/charset/CharsetEncoder;)Ljava/lang/String;
6714,0,com.google.javascript.jscomp.CodeGenerator:strEscape(Ljava/lang/String;CLjava/lang/String;Ljava/lang/String;Ljava/lang/String;Ljava/nio/charset/CharsetEncoder;Z)Ljava/lang/String;
6715,0,com.google.javascript.jscomp.CodeGenerator:identifierEscape(Ljava/lang/String;)Ljava/lang/String;
6719,0,com.google.javascript.jscomp.CodeGenerator:getContextForNoInOperator(Lcom/google/javascript/jscomp/CodeGenerator$Context;)Lcom/google/javascript/jscomp/CodeGenerator$Context;
7585,0,com.google.javascript.jscomp.RhinoErrorReporter$NewRhinoErrorReporter:<init>(Lcom/google/javascript/jscomp/AbstractCompiler;)V
7589,0,com.google.javascript.jscomp.RhinoErrorReporter$NewRhinoErrorReporter:<init>(Lcom/google/javascript/jscomp/AbstractCompiler;Lcom/google/javascript/jscomp/RhinoErrorReporter$1;)V
7593,0,com.google.javascript.jscomp.CodePrinter$Builder:<init>(Lcom/google/javascript/rhino/Node;)V
7594,0,com.google.javascript.jscomp.CodePrinter$Builder:setPrettyPrint(Z)Lcom/google/javascript/jscomp/CodePrinter$Builder;
7597,0,com.google.javascript.jscomp.CodePrinter$Builder:setLineLengthThreshold(I)Lcom/google/javascript/jscomp/CodePrinter$Builder;
7602,0,com.google.javascript.jscomp.CodePrinter$Builder:build()Ljava/lang/String;
7734,0,com.google.javascript.rhino.InputId:<init>(Ljava/lang/String;)V
7736,0,com.google.javascript.rhino.InputId:hashCode()I
7881,0,com.google.javascript.rhino.IR:string(Ljava/lang/String;)Lcom/google/javascript/rhino/Node;
7918,0,com.google.javascript.rhino.Node:<init>(I)V
7919,0,com.google.javascript.rhino.Node:<init>(ILcom/google/javascript/rhino/Node;)V
7920,0,com.google.javascript.rhino.Node:<init>(ILcom/google/javascript/rhino/Node;Lcom/google/javascript/rhino/Node;)V
7932,0,com.google.javascript.rhino.Node:newString(Ljava/lang/String;)Lcom/google/javascript/rhino/Node;
7933,0,com.google.javascript.rhino.Node:newString(ILjava/lang/String;)Lcom/google/javascript/rhino/Node;
7936,0,com.google.javascript.rhino.Node:getType()I
7939,0,com.google.javascript.rhino.Node:getFirstChild()Lcom/google/javascript/rhino/Node;
7940,0,com.google.javascript.rhino.Node:getLastChild()Lcom/google/javascript/rhino/Node;
7941,0,com.google.javascript.rhino.Node:getNext()Lcom/google/javascript/rhino/Node;
7947,0,com.google.javascript.rhino.Node:addChildToBack(Lcom/google/javascript/rhino/Node;)V
7955,0,com.google.javascript.rhino.Node:lookupProperty(I)Lcom/google/javascript/rhino/Node$PropListItem;
7956,0,com.google.javascript.rhino.Node:clonePropsFrom(Lcom/google/javascript/rhino/Node;)Lcom/google/javascript/rhino/Node;
7957,0,com.google.javascript.rhino.Node:removeProp(I)V
7958,0,com.google.javascript.rhino.Node:removeProp(Lcom/google/javascript/rhino/Node$PropListItem;I)Lcom/google/javascript/rhino/Node$PropListItem;
7959,0,com.google.javascript.rhino.Node:getProp(I)Ljava/lang/Object;
7960,0,com.google.javascript.rhino.Node:getBooleanProp(I)Z
7961,0,com.google.javascript.rhino.Node:getIntProp(I)I
7963,0,com.google.javascript.rhino.Node:putProp(ILjava/lang/Object;)V
7964,0,com.google.javascript.rhino.Node:putBooleanProp(IZ)V
7965,0,com.google.javascript.rhino.Node:putIntProp(II)V
7966,0,com.google.javascript.rhino.Node:createProp(ILjava/lang/Object;Lcom/google/javascript/rhino/Node$PropListItem;)Lcom/google/javascript/rhino/Node$PropListItem;
7967,0,com.google.javascript.rhino.Node:createProp(IILcom/google/javascript/rhino/Node$PropListItem;)Lcom/google/javascript/rhino/Node$PropListItem;
7980,0,com.google.javascript.rhino.Node:setStaticSourceFile(Lcom/google/javascript/rhino/jstype/StaticSourceFile;)V
7982,0,com.google.javascript.rhino.Node:getSourceFileName()Ljava/lang/String;
7983,0,com.google.javascript.rhino.Node:getStaticSourceFile()Lcom/google/javascript/rhino/jstype/StaticSourceFile;
7984,0,com.google.javascript.rhino.Node:setInputId(Lcom/google/javascript/rhino/InputId;)V
7985,0,com.google.javascript.rhino.Node:getInputId()Lcom/google/javascript/rhino/InputId;
7989,0,com.google.javascript.rhino.Node:getLineno()I
7990,0,com.google.javascript.rhino.Node:getCharno()I
7993,0,com.google.javascript.rhino.Node:setLineno(I)V
7994,0,com.google.javascript.rhino.Node:setCharno(I)V
7997,0,com.google.javascript.rhino.Node:mergeLineCharNo(II)I
7998,0,com.google.javascript.rhino.Node:extractLineno(I)I
7999,0,com.google.javascript.rhino.Node:extractCharno(I)I
8008,0,com.google.javascript.rhino.Node:getChildCount()I
8036,0,com.google.javascript.rhino.Node:getJsDocBuilderForNode()Lcom/google/javascript/rhino/Node$FileLevelJsDocBuilder;
8037,0,com.google.javascript.rhino.Node:getJSDocInfo()Lcom/google/javascript/rhino/JSDocInfo;
8043,0,com.google.javascript.rhino.Node:setIsSyntheticBlock(Z)V
8066,0,com.google.javascript.rhino.Node:isCall()Z
8080,0,com.google.javascript.rhino.Node:isFunction()Z
8082,0,com.google.javascript.rhino.Node:isGetElem()Z
8083,0,com.google.javascript.rhino.Node:isGetProp()Z
8091,0,com.google.javascript.rhino.Node:isName()Z
8097,0,com.google.javascript.rhino.Node:isObjectLit()Z
8102,0,com.google.javascript.rhino.Node:isScript()Z
8104,0,com.google.javascript.rhino.Node:isString()Z
8111,0,com.google.javascript.rhino.Node:isVar()Z
8115,0,com.google.javascript.rhino.Node$IntPropListItem:<init>(IILcom/google/javascript/rhino/Node$PropListItem;)V
8116,0,com.google.javascript.rhino.Node$IntPropListItem:getIntValue()I
8119,0,com.google.javascript.rhino.Node$IntPropListItem:chain(Lcom/google/javascript/rhino/Node$PropListItem;)Lcom/google/javascript/rhino/Node$PropListItem;
8120,0,com.google.javascript.rhino.Node$FileLevelJsDocBuilder:<init>(Lcom/google/javascript/rhino/Node;)V
9075,0,com.google.javascript.rhino.ScriptRuntime:getMessage0(Ljava/lang/String;)Ljava/lang/String;
9077,0,com.google.javascript.rhino.ScriptRuntime:getMessage(Ljava/lang/String;[Ljava/lang/Object;)Ljava/lang/String;
9079,0,com.google.javascript.rhino.Node$StringNode:<init>(ILjava/lang/String;)V
9081,0,com.google.javascript.rhino.Node$StringNode:getString()Ljava/lang/String;
9086,0,com.google.javascript.rhino.Node$AbstractPropListItem:<init>(ILcom/google/javascript/rhino/Node$PropListItem;)V
9087,0,com.google.javascript.rhino.Node$AbstractPropListItem:getType()I
9088,0,com.google.javascript.rhino.Node$AbstractPropListItem:getNext()Lcom/google/javascript/rhino/Node$PropListItem;
9089,0,com.google.javascript.rhino.Node$ObjectPropListItem:<init>(ILjava/lang/Object;Lcom/google/javascript/rhino/Node$PropListItem;)V
9091,0,com.google.javascript.rhino.Node$ObjectPropListItem:getObjectValue()Ljava/lang/Object;
