1436,0,org.joda.time.chrono.ISOChronology:getInstance()Lorg/joda/time/chrono/ISOChronology;
1437,0,org.joda.time.chrono.ISOChronology:getInstance(Lorg/joda/time/DateTimeZone;)Lorg/joda/time/chrono/ISOChronology;
1439,0,org.joda.time.chrono.ISOChronology:withUTC()Lorg/joda/time/Chronology;
1564,0,org.joda.time.chrono.BaseChronology:validate(Lorg/joda/time/ReadablePartial;[I)V
1629,0,org.joda.time.chrono.BasicMonthOfYearDateTimeField:getMinimumValue()I
1630,0,org.joda.time.chrono.BasicMonthOfYearDateTimeField:getMaximumValue()I
1648,0,org.joda.time.chrono.AssembledChronology:getZone()Lorg/joda/time/DateTimeZone;
1668,0,org.joda.time.chrono.AssembledChronology:days()Lorg/joda/time/DurationField;
1677,0,org.joda.time.chrono.AssembledChronology:months()Lorg/joda/time/DurationField;
1678,0,org.joda.time.chrono.AssembledChronology:monthOfYear()Lorg/joda/time/DateTimeField;
1679,0,org.joda.time.chrono.AssembledChronology:years()Lorg/joda/time/DurationField;
1680,0,org.joda.time.chrono.AssembledChronology:year()Lorg/joda/time/DateTimeField;
1685,0,org.joda.time.chrono.AssembledChronology:eras()Lorg/joda/time/DurationField;
1686,0,org.joda.time.chrono.AssembledChronology:era()Lorg/joda/time/DateTimeField;
1688,0,org.joda.time.chrono.AssembledChronology:getParam()Ljava/lang/Object;
1789,0,org.joda.time.chrono.GregorianChronology:getMinYear()I
1790,0,org.joda.time.chrono.GregorianChronology:getMaxYear()I
1886,0,org.joda.time.chrono.BasicYearDateTimeField:getMinimumValue()I
1887,0,org.joda.time.chrono.BasicYearDateTimeField:getMaximumValue()I
2021,0,org.joda.time.chrono.GJEraDateTimeField:getMinimumValue()I
2022,0,org.joda.time.chrono.GJEraDateTimeField:getMaximumValue()I
2083,0,org.joda.time.chrono.ZonedChronology:getZone()Lorg/joda/time/DateTimeZone;
2185,0,org.joda.time.base.AbstractPartial:<init>()V
2188,0,org.joda.time.base.AbstractPartial:getField(I)Lorg/joda/time/DateTimeField;
2568,0,org.joda.time.DateTimeFieldType:dayOfMonth()Lorg/joda/time/DateTimeFieldType;
2573,0,org.joda.time.DateTimeFieldType:monthOfYear()Lorg/joda/time/DateTimeFieldType;
2574,0,org.joda.time.DateTimeFieldType:year()Lorg/joda/time/DateTimeFieldType;
2578,0,org.joda.time.DateTimeFieldType:era()Lorg/joda/time/DateTimeFieldType;
2579,0,org.joda.time.DateTimeFieldType:getName()Ljava/lang/String;
3115,0,org.joda.time.field.PreciseDurationField:getUnitMillis()J
3136,0,org.joda.time.field.ImpreciseDateTimeField$LinkedDurationField:getUnitMillis()J
3226,0,org.joda.time.field.BaseDurationField:isSupported()Z
3233,0,org.joda.time.field.BaseDurationField:compareTo(Lorg/joda/time/DurationField;)I
3325,0,org.joda.time.field.UnsupportedDurationField:getUnitMillis()J
3326,0,org.joda.time.field.UnsupportedDurationField:compareTo(Lorg/joda/time/DurationField;)I
3379,0,org.joda.time.field.BaseDateTimeField:getMinimumValue(Lorg/joda/time/ReadablePartial;)I
3380,0,org.joda.time.field.BaseDateTimeField:getMinimumValue(Lorg/joda/time/ReadablePartial;[I)I
3382,0,org.joda.time.field.BaseDateTimeField:getMaximumValue(Lorg/joda/time/ReadablePartial;)I
3383,0,org.joda.time.field.BaseDateTimeField:getMaximumValue(Lorg/joda/time/ReadablePartial;[I)I
3471,0,org.joda.time.DateTimeZone:getDefault()Lorg/joda/time/DateTimeZone;
3472,0,org.joda.time.DateTimeZone:setDefault(Lorg/joda/time/DateTimeZone;)V
3517,0,org.joda.time.Partial:<init>([Lorg/joda/time/DateTimeFieldType;[I)V
3518,1,org.joda.time.Partial:<init>([Lorg/joda/time/DateTimeFieldType;[ILorg/joda/time/Chronology;)V
3522,0,org.joda.time.Partial:size()I
3523,0,org.joda.time.Partial:getChronology()Lorg/joda/time/Chronology;
3524,0,org.joda.time.Partial:getField(ILorg/joda/time/Chronology;)Lorg/joda/time/DateTimeField;
3726,0,org.joda.time.DateTimeUtils:setCurrentMillisSystem()V
3727,0,org.joda.time.DateTimeUtils:setCurrentMillisFixed(J)V
3730,0,org.joda.time.DateTimeUtils:checkPermission()V
3736,0,org.joda.time.DateTimeUtils:getChronology(Lorg/joda/time/Chronology;)Lorg/joda/time/Chronology;
3748,0,org.joda.time.DateTimeUtils$FixedMillisProvider:<init>(J)V
3906,0,org.joda.time.DateTimeFieldType$StandardDateTimeFieldType:getDurationType()Lorg/joda/time/DurationFieldType;
3910,0,org.joda.time.DateTimeFieldType$StandardDateTimeFieldType:getField(Lorg/joda/time/Chronology;)Lorg/joda/time/DateTimeField;
3936,0,org.joda.time.DurationFieldType$StandardDurationFieldType:getField(Lorg/joda/time/Chronology;)Lorg/joda/time/DurationField;
