1,0,org.apache.commons.cli.OptionValidator:validateOption(Ljava/lang/String;)V
2,0,org.apache.commons.cli.OptionValidator:isValidOpt(C)Z
3,0,org.apache.commons.cli.OptionValidator:isValidChar(C)Z
4,0,org.apache.commons.cli.PosixParser:<init>()V
5,0,org.apache.commons.cli.PosixParser:init()V
6,1,org.apache.commons.cli.PosixParser:flatten(Lorg/apache/commons/cli/Options;[Ljava/lang/String;Z)[Ljava/lang/String;
7,0,org.apache.commons.cli.PosixParser:gobble(Ljava/util/Iterator;)V
8,1,org.apache.commons.cli.PosixParser:processNonOptionToken(Ljava/lang/String;)V
9,1,org.apache.commons.cli.PosixParser:processOptionToken(Ljava/lang/String;Z)V
15,0,org.apache.commons.cli.Parser:<init>()V
16,0,org.apache.commons.cli.Parser:setOptions(Lorg/apache/commons/cli/Options;)V
17,0,org.apache.commons.cli.Parser:getOptions()Lorg/apache/commons/cli/Options;
18,0,org.apache.commons.cli.Parser:getRequiredOptions()Ljava/util/List;
21,0,org.apache.commons.cli.Parser:parse(Lorg/apache/commons/cli/Options;[Ljava/lang/String;Z)Lorg/apache/commons/cli/CommandLine;
22,0,org.apache.commons.cli.Parser:parse(Lorg/apache/commons/cli/Options;[Ljava/lang/String;Ljava/util/Properties;Z)Lorg/apache/commons/cli/CommandLine;
23,0,org.apache.commons.cli.Parser:processProperties(Ljava/util/Properties;)V
24,0,org.apache.commons.cli.Parser:checkRequiredOptions()V
25,0,org.apache.commons.cli.Parser:processArgs(Lorg/apache/commons/cli/Option;Ljava/util/ListIterator;)V
26,0,org.apache.commons.cli.Parser:processOption(Ljava/lang/String;Ljava/util/ListIterator;)V
28,0,org.apache.commons.cli.OptionBuilder:reset()V
29,0,org.apache.commons.cli.OptionBuilder:withLongOpt(Ljava/lang/String;)Lorg/apache/commons/cli/OptionBuilder;
30,0,org.apache.commons.cli.OptionBuilder:hasArg()Lorg/apache/commons/cli/OptionBuilder;
31,0,org.apache.commons.cli.OptionBuilder:hasArg(Z)Lorg/apache/commons/cli/OptionBuilder;
32,0,org.apache.commons.cli.OptionBuilder:withArgName(Ljava/lang/String;)Lorg/apache/commons/cli/OptionBuilder;
39,0,org.apache.commons.cli.OptionBuilder:hasOptionalArg()Lorg/apache/commons/cli/OptionBuilder;
43,0,org.apache.commons.cli.OptionBuilder:withDescription(Ljava/lang/String;)Lorg/apache/commons/cli/OptionBuilder;
44,0,org.apache.commons.cli.OptionBuilder:create(C)Lorg/apache/commons/cli/Option;
46,0,org.apache.commons.cli.OptionBuilder:create(Ljava/lang/String;)Lorg/apache/commons/cli/Option;
73,0,org.apache.commons.cli.Options:<init>()V
77,0,org.apache.commons.cli.Options:addOption(Ljava/lang/String;Ljava/lang/String;ZLjava/lang/String;)Lorg/apache/commons/cli/Options;
78,0,org.apache.commons.cli.Options:addOption(Lorg/apache/commons/cli/Option;)Lorg/apache/commons/cli/Options;
80,0,org.apache.commons.cli.Options:helpOptions()Ljava/util/List;
81,0,org.apache.commons.cli.Options:getRequiredOptions()Ljava/util/List;
82,0,org.apache.commons.cli.Options:getOption(Ljava/lang/String;)Lorg/apache/commons/cli/Option;
83,0,org.apache.commons.cli.Options:hasOption(Ljava/lang/String;)Z
84,0,org.apache.commons.cli.Options:getOptionGroup(Lorg/apache/commons/cli/Option;)Lorg/apache/commons/cli/OptionGroup;
88,0,org.apache.commons.cli.CommandLine:<init>()V
89,0,org.apache.commons.cli.CommandLine:hasOption(Ljava/lang/String;)Z
90,0,org.apache.commons.cli.CommandLine:hasOption(C)Z
93,0,org.apache.commons.cli.CommandLine:getOptionValue(Ljava/lang/String;)Ljava/lang/String;
94,0,org.apache.commons.cli.CommandLine:getOptionValue(C)Ljava/lang/String;
95,0,org.apache.commons.cli.CommandLine:getOptionValues(Ljava/lang/String;)[Ljava/lang/String;
96,0,org.apache.commons.cli.CommandLine:resolveOption(Ljava/lang/String;)Lorg/apache/commons/cli/Option;
103,0,org.apache.commons.cli.CommandLine:addArg(Ljava/lang/String;)V
104,0,org.apache.commons.cli.CommandLine:addOption(Lorg/apache/commons/cli/Option;)V
107,0,org.apache.commons.cli.Option:<init>(Ljava/lang/String;Ljava/lang/String;)V
109,0,org.apache.commons.cli.Option:<init>(Ljava/lang/String;Ljava/lang/String;ZLjava/lang/String;)V
111,0,org.apache.commons.cli.Option:getKey()Ljava/lang/String;
112,0,org.apache.commons.cli.Option:getOpt()Ljava/lang/String;
114,0,org.apache.commons.cli.Option:setType(Ljava/lang/Object;)V
115,0,org.apache.commons.cli.Option:getLongOpt()Ljava/lang/String;
116,0,org.apache.commons.cli.Option:setLongOpt(Ljava/lang/String;)V
117,0,org.apache.commons.cli.Option:setOptionalArg(Z)V
119,0,org.apache.commons.cli.Option:hasLongOpt()Z
120,0,org.apache.commons.cli.Option:hasArg()Z
123,0,org.apache.commons.cli.Option:isRequired()Z
124,0,org.apache.commons.cli.Option:setRequired(Z)V
125,0,org.apache.commons.cli.Option:setArgName(Ljava/lang/String;)V
129,0,org.apache.commons.cli.Option:setArgs(I)V
130,0,org.apache.commons.cli.Option:setValueSeparator(C)V
132,0,org.apache.commons.cli.Option:hasValueSeparator()Z
134,0,org.apache.commons.cli.Option:addValueForProcessing(Ljava/lang/String;)V
135,0,org.apache.commons.cli.Option:processValue(Ljava/lang/String;)V
136,0,org.apache.commons.cli.Option:add(Ljava/lang/String;)V
140,0,org.apache.commons.cli.Option:getValues()[Ljava/lang/String;
141,0,org.apache.commons.cli.Option:getValuesList()Ljava/util/List;
143,0,org.apache.commons.cli.Option:hasNoValues()Z
144,0,org.apache.commons.cli.Option:equals(Ljava/lang/Object;)Z
146,0,org.apache.commons.cli.Option:clone()Ljava/lang/Object;
147,0,org.apache.commons.cli.Option:clearValues()V
165,0,org.apache.commons.cli.Util:stripLeadingHyphens(Ljava/lang/String;)Ljava/lang/String;
166,0,org.apache.commons.cli.Util:stripLeadingAndTrailingQuotes(Ljava/lang/String;)Ljava/lang/String;
